customer_id,recency,tenure_days,frequency,monetary,churn,source
CUST1000,911,1686,37,391.04999999999995,0,Labeled
CUST1001,1351,1766,35,512.16,0,Labeled
CUST1002,716,802,44,1208.28,1,Labeled
CUST1003,547,752,1,338.64,1,Labeled
CUST1004,340,1715,35,438.62,0,Labeled
CUST1005,7,827,16,1772.88,0,Labeled
CUST1006,36,863,7,702.96,0,Labeled
CUST1007,232,1136,34,47.800000000000004,0,Labeled
CUST1008,237,1578,32,1525.8,1,Labeled
CUST1009,264,1350,6,1348.96,0,Labeled
CUST1010,1114,1781,38,1218.3000000000002,0,Labeled
CUST1011,161,1285,24,940.17,0,Labeled
CUST1012,947,1704,36,1519.11,0,Labeled
CUST1013,254,1643,5,1894.16,0,Labeled
CUST1014,118,1635,20,781.92,0,Labeled
CUST1015,644,1328,27,1001.97,1,Labeled
CUST1016,18,1506,31,1875.08,0,Labeled
CUST1017,381,1436,18,1267.44,1,Labeled
CUST1018,223,818,14,1702.39,1,Labeled
CUST1019,7,1071,41,1596.64,1,Labeled
CUST1020,575,1256,2,1452.18,0,Labeled
CUST1021,1157,1660,9,355.46000000000004,1,Labeled
CUST1022,1111,1168,39,539.22,0,Labeled
CUST1023,70,1569,16,418.72,0,Labeled
CUST1024,934,1224,20,698.01,0,Labeled
CUST1025,1168,1382,40,714.4499999999999,1,Labeled
CUST1026,107,828,28,312.83,1,Labeled
CUST1027,1272,1611,42,975.1000000000001,1,Labeled
CUST1028,139,1540,45,1197.2,0,Labeled
CUST1029,516,1824,14,942.5999999999999,1,Labeled
CUST1030,1541,1584,24,1642.77,0,Labeled
CUST1031,760,1462,9,31.95,1,Labeled
CUST1032,1485,1653,26,1609.54,1,Labeled
CUST1033,1060,1244,29,1661.9,0,Labeled
CUST1034,120,1636,12,1292.65,0,Labeled
CUST1035,636,1501,24,254.73000000000002,0,Labeled
CUST1036,584,748,13,554.3299999999999,1,Labeled
CUST1037,827,879,48,376.24,0,Labeled
CUST1038,783,1280,11,1572.96,1,Labeled
CUST1039,250,990,47,123.30000000000001,0,Labeled
CUST1040,14,835,45,1016.15,0,Labeled
CUST1041,145,1128,5,455.48999999999995,0,Labeled
CUST1042,158,820,36,1954.64,1,Labeled
CUST1043,449,851,45,132.86,0,Labeled
CUST1044,618,1258,48,1963.6799999999998,1,Labeled
CUST1045,1186,1724,6,1670.8500000000001,0,Labeled
CUST1046,218,883,37,1098.75,0,Labeled
CUST1047,1138,1499,23,1561.3500000000001,0,Labeled
CUST1048,124,863,35,599.52,1,Labeled
CUST1049,228,1160,30,1487.43,0,Labeled
CUST1050,370,1817,37,1780.96,1,Labeled
CUST1051,769,989,14,90.34,0,Labeled
CUST1052,84,1806,4,1095.6,0,Labeled
CUST1053,1465,1780,8,969.1200000000001,1,Labeled
CUST1054,481,840,1,312.0,1,Labeled
CUST1055,1112,1229,23,754.8,1,Labeled
CUST1056,601,736,17,944.08,0,Labeled
CUST1057,190,905,1,174.8,0,Labeled
CUST1058,825,1581,18,1476.1000000000001,0,Labeled
CUST1059,718,1816,13,1811.3,1,Labeled
CUST1060,1429,1465,42,1720.38,1,Labeled
CUST1061,588,1330,2,312.12,0,Labeled
CUST1062,565,1441,13,1483.88,1,Labeled
CUST1063,1259,1728,9,1683.9,0,Labeled
CUST1064,929,1139,16,1795.65,1,Labeled
CUST1065,69,1738,7,1378.68,1,Labeled
CUST1066,497,769,9,969.3000000000001,1,Labeled
CUST1067,294,1426,39,541.89,0,Labeled
CUST1068,343,816,40,1217.67,0,Labeled
CUST1069,52,1303,33,1572.6000000000001,0,Labeled
CUST1070,245,753,25,1398.3899999999999,0,Labeled
CUST1071,537,1411,13,1095.48,0,Labeled
CUST1072,1602,1710,28,120.39999999999999,0,Labeled
CUST1073,1035,1388,13,837.35,1,Labeled
CUST1074,91,1462,27,266.15999999999997,0,Labeled
CUST1075,547,1096,32,788.5,1,Labeled
CUST1076,1110,1570,19,1467.0,1,Labeled
CUST1077,255,1495,47,1519.11,1,Labeled
CUST1078,600,1592,44,1282.08,1,Labeled
CUST1079,91,1780,21,1078.0,0,Labeled
CUST1080,680,1387,4,834.12,0,Labeled
CUST1081,611,781,8,341.04999999999995,0,Labeled
CUST1082,1277,1427,20,788.41,0,Labeled
CUST1083,651,1417,16,1616.16,0,Labeled
CUST1084,116,1357,1,1032.49,0,Labeled
CUST1085,632,1599,7,506.14,0,Labeled
CUST1086,425,1678,3,1515.28,0,Labeled
CUST1087,792,1233,45,1495.51,1,Labeled
CUST1088,1016,1404,38,769.4,1,Labeled
CUST1089,713,1453,29,1538.3999999999999,0,Labeled
CUST1090,743,775,14,1158.8,0,Labeled
CUST1091,786,1635,8,135.0,0,Labeled
CUST1092,1186,1437,28,839.49,0,Labeled
CUST1093,418,814,30,1451.45,1,Labeled
CUST1094,238,1133,38,1555.56,0,Labeled
CUST1095,282,1035,40,796.25,1,Labeled
CUST1096,1401,1647,30,187.23,0,Labeled
CUST1097,1003,1603,26,538.65,0,Labeled
CUST1098,1109,1435,40,1113.14,1,Labeled
CUST1099,1223,1432,5,990.57,0,Labeled
CUST1100,578,1726,26,844.26,1,Labeled
CUST1101,334,1223,48,347.31000000000006,0,Labeled
CUST1102,408,737,35,1574.32,0,Labeled
CUST1103,136,794,41,421.70000000000005,0,Labeled
CUST1104,673,1120,13,760.96,1,Labeled
CUST1105,283,1054,24,1432.6,0,Labeled
CUST1106,180,1070,34,1981.8000000000002,1,Labeled
CUST1107,1261,1769,39,1611.68,0,Labeled
CUST1108,282,1143,26,430.68,1,Labeled
CUST1109,502,1018,44,1400.04,1,Labeled
CUST1110,730,1026,11,1061.4,0,Labeled
CUST1111,603,936,41,1770.24,1,Labeled
CUST1112,685,1649,28,1982.24,1,Labeled
CUST1113,166,740,13,1810.76,1,Labeled
CUST1114,816,1343,15,987.72,0,Labeled
CUST1115,1054,1121,42,287.4,0,Labeled
CUST1116,326,995,3,1293.78,0,Labeled
CUST1117,1533,1694,7,1645.52,1,Labeled
CUST1118,337,1268,22,338.72,0,Labeled
CUST1119,418,1438,25,1570.41,0,Labeled
CUST1120,1110,1738,1,612.0600000000001,1,Labeled
CUST1121,480,1025,3,1949.95,0,Labeled
CUST1122,244,991,49,129.42000000000002,1,Labeled
CUST1123,330,848,38,1298.36,1,Labeled
CUST1124,119,913,5,1929.76,1,Labeled
CUST1125,559,823,28,1608.48,0,Labeled
CUST1126,306,1533,41,178.81,0,Labeled
CUST1127,905,1122,49,838.45,1,Labeled
CUST1128,1043,1057,43,117.35999999999999,0,Labeled
CUST1129,588,1579,34,510.81000000000006,0,Labeled
CUST1130,378,1035,3,1936.1,1,Labeled
CUST1131,207,1381,13,1106.04,1,Labeled
CUST1132,800,1134,3,1328.56,0,Labeled
CUST1133,1020,1513,34,213.25,0,Labeled
CUST1134,275,1445,43,191.70000000000002,0,Labeled
CUST1135,460,823,28,782.46,1,Labeled
CUST1136,1139,1318,25,722.82,0,Labeled
CUST1137,405,1571,11,49.32000000000001,0,Labeled
CUST1138,834,866,16,759.8000000000001,0,Labeled
CUST1139,763,805,12,1375.02,0,Labeled
CUST1140,542,1283,3,1259.02,0,Labeled
CUST1141,290,880,9,1749.76,1,Labeled
CUST1142,145,810,46,710.88,1,Labeled
CUST1143,116,1400,30,897.48,0,Labeled
CUST1144,420,1379,18,1985.2000000000003,0,Labeled
CUST1145,349,1474,23,1503.0,1,Labeled
CUST1146,660,1617,24,726.36,0,Labeled
CUST1147,173,1092,28,1300.77,0,Labeled
CUST1148,391,1354,17,1151.4,0,Labeled
CUST1149,562,1427,37,49.44,1,Labeled
CUST1150,1048,1428,40,1903.38,1,Labeled
CUST1151,1207,1698,40,1254.16,0,Labeled
CUST1152,945,1380,41,1205.1899999999998,0,Labeled
CUST1153,408,1120,18,1308.29,0,Labeled
CUST1154,243,1772,42,1546.0,1,Labeled
CUST1155,202,1088,7,37.35,1,Labeled
CUST1156,373,1414,1,421.02,0,Labeled
CUST1157,560,1130,45,1294.58,1,Labeled
CUST1158,1406,1732,24,174.4,0,Labeled
CUST1159,376,1229,1,214.38,0,Labeled
CUST1160,1022,1186,21,1447.8000000000002,0,Labeled
CUST1161,1103,1117,24,876.75,0,Labeled
CUST1162,690,1785,44,837.48,1,Labeled
CUST1163,242,780,38,1600.32,1,Labeled
CUST1164,890,1005,34,1802.4,1,Labeled
CUST1165,375,831,9,1793.0099999999998,0,Labeled
CUST1166,270,1447,3,233.28000000000003,1,Labeled
CUST1167,799,1366,8,94.80000000000001,1,Labeled
CUST1168,959,1670,36,759.9,0,Labeled
CUST1169,1027,1571,49,211.92000000000002,0,Labeled
CUST1170,476,1564,47,1449.27,0,Labeled
CUST1171,434,1586,2,1242.34,1,Labeled
CUST1172,858,1278,28,1308.25,1,Labeled
CUST1173,261,1196,42,1664.3000000000002,1,Labeled
CUST1174,278,917,39,205.35000000000002,0,Labeled
CUST1175,548,1435,26,1099.84,0,Labeled
CUST1176,403,771,17,1718.8,1,Labeled
CUST1177,1020,1735,34,932.76,1,Labeled
CUST1178,1128,1375,18,1986.96,1,Labeled
CUST1179,1414,1488,15,696.68,0,Labeled
CUST1180,476,863,33,112.19999999999999,0,Labeled
CUST1181,490,883,42,1543.22,1,Labeled
CUST1182,23,1480,5,1465.6,0,Labeled
CUST1183,1041,1584,23,1727.04,0,Labeled
CUST1184,166,773,33,1071.13,0,Labeled
CUST1185,184,1155,9,198.63,0,Labeled
CUST1186,39,1473,10,800.84,0,Labeled
CUST1187,149,837,39,1357.34,1,Labeled
CUST1188,314,1548,34,1378.74,0,Labeled
CUST1189,906,1033,40,1085.8799999999999,0,Labeled
CUST1190,961,1493,7,741.7,1,Labeled
CUST1191,1030,1282,9,894.81,1,Labeled
CUST1192,553,1417,29,1496.16,0,Labeled
CUST1193,810,1467,26,1229.97,0,Labeled
CUST1194,1279,1563,10,357.66,1,Labeled
CUST1195,364,763,46,1198.3799999999999,0,Labeled
CUST1196,975,1778,49,276.84000000000003,0,Labeled
CUST1197,901,1054,45,1717.0,0,Labeled
CUST1198,532,1213,35,1104.48,1,Labeled
CUST1199,875,1044,43,1512.48,0,Labeled
CUST1200,701,1501,23,1932.48,1,Labeled
CUST1201,79,875,47,833.52,1,Labeled
CUST1202,967,1383,13,1798.6799999999998,0,Labeled
CUST1203,889,1490,6,1780.08,1,Labeled
CUST1204,665,1561,13,126.32,0,Labeled
CUST1205,120,1461,13,1484.8,1,Labeled
CUST1206,618,1365,26,1578.12,0,Labeled
CUST1207,626,766,38,1212.26,0,Labeled
CUST1208,734,1073,33,1790.4,0,Labeled
CUST1209,340,1226,6,1165.24,0,Labeled
CUST1210,918,1255,40,362.64,0,Labeled
CUST1211,914,1261,34,1573.83,1,Labeled
CUST1212,556,1212,45,1388.6999999999998,1,Labeled
CUST1213,390,1689,40,1470.03,1,Labeled
CUST1214,615,1029,36,1068.34,1,Labeled
CUST1215,824,1626,30,1208.24,0,Labeled
CUST1216,970,1018,32,1218.8,0,Labeled
CUST1217,625,846,3,1940.19,0,Labeled
CUST1218,173,1146,30,90.95,0,Labeled
CUST1219,600,731,38,1627.8,0,Labeled
CUST1220,770,1171,27,788.61,1,Labeled
CUST1221,96,1784,45,1385.6,0,Labeled
CUST1222,446,1212,12,1990.9,0,Labeled
CUST1223,304,958,32,1694.56,0,Labeled
CUST1224,284,1393,21,1534.6200000000001,0,Labeled
CUST1225,352,905,7,508.16,0,Labeled
CUST1226,1073,1615,45,1586.55,0,Labeled
CUST1227,86,1436,11,872.32,0,Labeled
CUST1228,913,1253,13,1466.56,0,Labeled
CUST1229,217,1122,27,1391.04,0,Labeled
CUST1230,817,1156,38,1767.44,0,Labeled
CUST1231,80,951,33,1331.03,0,Labeled
CUST1232,684,1133,30,672.0,1,Labeled
CUST1233,444,1231,26,1199.25,0,Labeled
CUST1234,227,1373,15,1892.34,1,Labeled
CUST1235,1024,1793,47,641.68,1,Labeled
CUST1236,1131,1427,11,535.36,0,Labeled
CUST1237,683,953,28,1146.76,1,Labeled
CUST1238,937,1360,3,441.44,0,Labeled
CUST1239,175,967,8,180.25,0,Labeled
CUST1240,864,1187,22,44.519999999999996,0,Labeled
CUST1241,1305,1799,39,1721.12,0,Labeled
CUST1242,109,1564,40,923.8499999999999,0,Labeled
CUST1243,1135,1341,5,235.7,0,Labeled
CUST1244,510,1038,23,1399.6,0,Labeled
CUST1245,1489,1754,40,929.56,0,Labeled
CUST1246,522,1680,23,1067.0,0,Labeled
CUST1247,150,1006,39,65.64,0,Labeled
CUST1248,1368,1452,11,1792.08,1,Labeled
CUST1249,256,976,18,1179.6,1,Labeled
CUST1250,277,1641,39,643.44,0,Labeled
CUST1251,285,823,39,538.08,0,Labeled
CUST1252,490,1560,6,1348.1,1,Labeled
CUST1253,1562,1650,37,214.01,0,Labeled
CUST1254,145,1073,24,736.4,0,Labeled
CUST1255,611,923,40,1120.48,1,Labeled
CUST1256,344,1545,44,262.89,0,Labeled
CUST1257,208,1402,14,908.16,1,Labeled
CUST1258,122,1813,35,550.9699999999999,0,Labeled
CUST1259,125,1644,48,850.56,0,Labeled
CUST1260,745,980,14,1570.05,0,Labeled
CUST1261,19,1083,8,992.04,1,Labeled
CUST1262,691,870,25,1098.68,0,Labeled
CUST1263,899,1813,28,369.54999999999995,1,Labeled
CUST1264,447,1125,37,661.04,1,Labeled
CUST1265,275,905,47,1865.18,1,Labeled
CUST1266,531,848,16,1624.53,1,Labeled
CUST1267,579,1119,12,667.14,0,Labeled
CUST1268,171,1026,1,1524.8,0,Labeled
CUST1269,1066,1359,45,629.6,1,Labeled
CUST1270,1010,1569,17,682.9200000000001,1,Labeled
CUST1271,168,1383,38,350.08,1,Labeled
CUST1272,877,1024,41,1906.4,0,Labeled
CUST1273,898,1606,49,1483.68,0,Labeled
CUST1274,1279,1450,1,1023.1200000000001,0,Labeled
CUST1275,1217,1444,46,1460.88,0,Labeled
CUST1276,363,1179,12,116.4,1,Labeled
CUST1277,459,985,30,1349.34,0,Labeled
CUST1278,124,837,41,1711.43,1,Labeled
CUST1279,711,1771,49,568.18,1,Labeled
CUST1280,807,1035,14,958.28,0,Labeled
CUST1281,1478,1599,23,307.86,1,Labeled
CUST1282,11,828,28,212.88,0,Labeled
CUST1283,1397,1503,28,1408.55,0,Labeled
CUST1284,10,1748,23,1495.23,1,Labeled
CUST1285,814,1551,39,1055.39,1,Labeled
CUST1286,591,1362,24,787.64,1,Labeled
CUST1287,22,1229,15,1753.29,0,Labeled
CUST1288,500,1285,8,1047.05,0,Labeled
CUST1289,1336,1595,22,988.82,1,Labeled
CUST1290,137,907,7,935.15,0,Labeled
CUST1291,754,876,47,1259.52,0,Labeled
CUST1292,1343,1346,19,1169.35,1,Labeled
CUST1293,947,958,6,1026.42,0,Labeled
CUST1294,1442,1780,29,777.2,0,Labeled
CUST1295,106,948,14,1579.0,0,Labeled
CUST1296,72,1168,5,1862.0,0,Labeled
CUST1297,364,1626,2,1786.22,1,Labeled
CUST1298,831,1633,15,1735.92,1,Labeled
CUST1299,598,1634,38,97.92,1,Labeled
CUST1300,291,737,25,1226.18,0,Labeled
CUST1301,512,743,7,1840.08,0,Labeled
CUST1302,723,754,21,1521.1000000000001,1,Labeled
CUST1303,418,1073,11,603.1,1,Labeled
CUST1304,804,1406,6,360.92,0,Labeled
CUST1305,1025,1484,31,1475.24,0,Labeled
CUST1306,844,1011,47,1317.88,0,Labeled
CUST1307,1172,1311,20,363.57,1,Labeled
CUST1308,1345,1595,49,1750.23,0,Labeled
CUST1309,298,1786,20,1454.34,0,Labeled
CUST1310,941,1618,6,593.11,1,Labeled
CUST1311,1453,1796,25,1597.28,1,Labeled
CUST1312,297,1723,49,675.9200000000001,0,Labeled
CUST1313,661,1399,30,1270.8600000000001,0,Labeled
CUST1314,198,1685,15,1138.35,0,Labeled
CUST1315,357,1479,49,196.07999999999998,1,Labeled
CUST1316,667,1267,32,306.12,1,Labeled
CUST1317,704,835,6,924.6,0,Labeled
CUST1318,620,983,48,1138.1399999999999,1,Labeled
CUST1319,394,731,32,326.0,1,Labeled
CUST1320,696,897,46,466.56,1,Labeled
CUST1321,319,866,23,843.78,0,Labeled
CUST1322,990,1089,49,610.12,1,Labeled
CUST1323,366,1124,46,1998.08,0,Labeled
CUST1324,731,755,29,408.90000000000003,0,Labeled
CUST1325,323,1805,39,1113.4,1,Labeled
CUST1326,298,1409,39,1387.5,0,Labeled
CUST1327,1129,1387,15,630.3,0,Labeled
CUST1328,1086,1216,49,58.650000000000006,0,Labeled
CUST1329,1189,1438,9,1844.88,0,Labeled
CUST1330,865,1351,13,1505.84,0,Labeled
CUST1331,643,1180,27,171.89999999999998,0,Labeled
CUST1332,255,1106,2,1403.36,0,Labeled
CUST1333,182,771,25,1440.72,0,Labeled
CUST1334,273,1654,47,1993.1100000000001,0,Labeled
CUST1335,1193,1335,38,694.29,1,Labeled
CUST1336,224,1457,2,961.03,0,Labeled
CUST1337,259,763,9,1470.07,1,Labeled
CUST1338,462,1163,16,1395.04,1,Labeled
CUST1339,649,1072,23,876.84,0,Labeled
CUST1340,146,889,27,728.21,0,Labeled
CUST1341,1178,1412,10,1803.7,0,Labeled
CUST1342,1281,1684,44,1664.08,0,Labeled
CUST1343,752,916,30,1176.8000000000002,0,Labeled
CUST1344,58,1589,37,45.15,0,Labeled
CUST1345,985,1333,15,411.1,0,Labeled
CUST1346,989,1406,7,224.15,0,Labeled
CUST1347,596,1773,4,231.96,0,Labeled
CUST1348,732,1423,11,26.33,1,Labeled
CUST1349,268,842,8,1033.8000000000002,0,Labeled
CUST1350,576,1524,36,1871.85,0,Labeled
CUST1351,1280,1392,2,1780.2599999999998,1,Labeled
CUST1352,6,1371,14,1727.7599999999998,1,Labeled
CUST1353,1076,1614,49,1503.11,1,Labeled
CUST1354,406,976,8,1248.09,1,Labeled
CUST1355,996,1735,38,1316.82,1,Labeled
CUST1356,162,1751,29,240.94,0,Labeled
CUST1357,917,1460,29,1160.91,0,Labeled
CUST1358,918,1803,26,1185.52,0,Labeled
CUST1359,84,1353,44,1716.6499999999999,1,Labeled
CUST1360,385,750,36,585.12,0,Labeled
CUST1361,1025,1111,48,1485.54,1,Labeled
CUST1362,1396,1531,3,1778.4,0,Labeled
CUST1363,669,1401,9,1988.67,1,Labeled
CUST1364,1664,1762,41,1207.6200000000001,1,Labeled
CUST1365,1040,1661,21,228.24,0,Labeled
CUST1366,670,1275,17,1336.08,0,Labeled
CUST1367,393,1650,24,1392.48,0,Labeled
CUST1368,54,837,7,532.91,1,Labeled
CUST1369,855,1564,22,628.25,0,Labeled
CUST1370,331,1420,16,1952.6499999999999,0,Labeled
CUST1371,61,944,24,1451.68,0,Labeled
CUST1372,261,1037,7,1813.56,0,Labeled
CUST1373,484,1400,37,1898.7599999999998,0,Labeled
CUST1374,643,1589,38,451.26,1,Labeled
CUST1375,719,1179,17,1598.16,1,Labeled
CUST1376,560,1225,42,84.21,0,Labeled
CUST1377,316,1484,34,218.88,0,Labeled
CUST1378,260,1228,40,613.6999999999999,0,Labeled
CUST1379,903,1345,48,142.2,1,Labeled
CUST1380,682,772,20,544.5,1,Labeled
CUST1381,23,760,45,391.2,0,Labeled
CUST1382,97,1680,14,971.28,1,Labeled
CUST1383,391,817,18,1732.98,0,Labeled
CUST1384,468,1190,41,568.0500000000001,0,Labeled
CUST1385,534,838,18,548.32,1,Labeled
CUST1386,901,1028,23,1547.44,1,Labeled
CUST1387,1193,1310,22,1660.1999999999998,0,Labeled
CUST1388,1239,1328,12,103.66,1,Labeled
CUST1389,1603,1708,33,1069.84,0,Labeled
CUST1390,76,1320,34,209.76,1,Labeled
CUST1391,593,1482,29,1499.71,0,Labeled
CUST1392,481,1261,26,1688.52,1,Labeled
CUST1393,1584,1601,45,1366.86,0,Labeled
CUST1394,1180,1194,38,1741.6799999999998,0,Labeled
CUST1395,751,1056,45,1210.77,0,Labeled
CUST1396,1365,1668,43,868.32,0,Labeled
CUST1397,1061,1670,2,314.23,1,Labeled
CUST1398,148,1498,15,1107.33,1,Labeled
CUST1399,575,1052,17,913.22,1,Labeled
CUST1400,371,1356,32,362.0,0,Labeled
CUST1401,545,739,25,397.65000000000003,1,Labeled
CUST1402,744,1561,25,630.0,1,Labeled
CUST1403,1012,1254,14,117.0,0,Labeled
CUST1404,701,1044,4,521.43,0,Labeled
CUST1405,420,1810,33,1618.23,1,Labeled
CUST1406,169,740,19,707.14,0,Labeled
CUST1407,728,1258,6,1263.8,1,Labeled
CUST1408,390,898,44,1929.72,0,Labeled
CUST1409,194,812,7,1738.32,1,Labeled
CUST1410,1054,1397,1,758.32,0,Labeled
CUST1411,8,1250,23,1529.0,0,Labeled
CUST1412,13,1804,18,164.32,0,Labeled
CUST1413,289,881,29,1246.72,0,Labeled
CUST1414,299,803,31,1230.48,0,Labeled
CUST1415,435,1198,32,1051.44,0,Labeled
CUST1416,588,1027,32,1733.12,0,Labeled
CUST1417,42,1527,11,451.20000000000005,0,Labeled
CUST1418,43,866,4,119.63,0,Labeled
CUST1419,612,1263,31,37.98,1,Labeled
CUST1420,579,1658,35,179.34,1,Labeled
CUST1421,216,1193,11,230.88,0,Labeled
CUST1422,328,1170,32,1441.3,0,Labeled
CUST1423,181,774,9,297.04,0,Labeled
CUST1424,332,1472,39,1799.69,1,Labeled
CUST1425,610,785,49,1101.57,0,Labeled
CUST1426,339,835,40,1218.7,1,Labeled
CUST1427,241,1136,3,1457.61,1,Labeled
CUST1428,215,1143,40,849.68,0,Labeled
CUST1429,588,867,19,841.59,1,Labeled
CUST1430,250,1677,41,1228.83,1,Labeled
CUST1431,610,1092,23,795.0,0,Labeled
CUST1432,805,973,15,391.98,1,Labeled
CUST1433,991,1320,40,418.6,0,Labeled
CUST1434,845,1452,5,1106.19,1,Labeled
CUST1435,633,1486,48,1338.93,1,Labeled
CUST1436,505,1123,37,1815.48,0,Labeled
CUST1437,406,1235,13,278.08,0,Labeled
CUST1438,533,917,11,1390.32,1,Labeled
CUST1439,479,1131,31,174.96,0,Labeled
CUST1440,220,1193,36,123.64,0,Labeled
CUST1441,917,1284,18,580.8,0,Labeled
CUST1442,192,1755,10,192.54000000000002,0,Labeled
CUST1443,734,842,20,1409.68,0,Labeled
CUST1444,222,901,19,1656.3600000000001,0,Labeled
CUST1445,470,1055,49,839.04,0,Labeled
CUST1446,713,750,18,552.26,1,Labeled
CUST1447,1026,1167,30,1510.04,0,Labeled
CUST1448,287,1711,4,900.5699999999999,0,Labeled
CUST1449,497,1573,32,818.01,1,Labeled
CUST1450,1043,1141,45,260.15,0,Labeled
CUST1451,303,800,32,309.76,0,Labeled
CUST1452,1091,1642,48,1068.1200000000001,1,Labeled
CUST1453,405,1051,32,777.02,1,Labeled
CUST1454,817,931,40,1727.46,1,Labeled
CUST1455,319,1003,32,433.8,0,Labeled
CUST1456,496,905,44,155.88,0,Labeled
CUST1457,436,1173,2,1174.59,0,Labeled
CUST1458,113,799,41,1365.8700000000001,0,Labeled
CUST1459,1095,1532,16,1137.99,0,Labeled
CUST1460,533,998,14,1658.24,0,Labeled
CUST1461,461,1425,40,1947.2400000000002,1,Labeled
CUST1462,1640,1730,10,1030.75,0,Labeled
CUST1463,807,1620,21,1493.98,1,Labeled
CUST1464,105,1312,10,1106.72,1,Labeled
CUST1465,1290,1407,41,1069.68,0,Labeled
CUST1466,582,893,25,638.11,1,Labeled
CUST1467,1345,1463,34,1802.56,0,Labeled
CUST1468,923,1428,49,1201.5,0,Labeled
CUST1469,722,920,19,1281.06,1,Labeled
CUST1470,877,998,36,1482.96,0,Labeled
CUST1471,59,853,4,702.4,1,Labeled
CUST1472,218,852,29,391.12,1,Labeled
CUST1473,810,823,38,1778.3999999999999,0,Labeled
CUST1474,932,1477,46,1064.18,0,Labeled
CUST1475,874,1715,7,980.6,1,Labeled
CUST1476,422,1188,12,1883.16,1,Labeled
CUST1477,703,1041,34,835.04,1,Labeled
CUST1478,210,1725,27,998.08,0,Labeled
CUST1479,168,1039,2,541.26,1,Labeled
CUST1480,28,1408,7,1109.88,1,Labeled
CUST1481,812,852,2,664.35,1,Labeled
CUST1482,779,1486,10,1062.56,0,Labeled
CUST1483,242,990,47,554.08,1,Labeled
CUST1484,511,745,2,952.1500000000001,0,Labeled
CUST1485,822,1219,16,1598.38,0,Labeled
CUST1486,1056,1392,4,975.01,0,Labeled
CUST1487,55,1393,31,186.45,0,Labeled
CUST1488,573,997,11,1075.12,0,Labeled
CUST1489,126,866,11,1890.6,0,Labeled
CUST1490,570,799,31,873.28,1,Labeled
CUST1491,971,1314,25,1307.45,1,Labeled
CUST1492,513,1785,41,486.36,0,Labeled
CUST1493,29,812,37,1481.71,0,Labeled
CUST1494,677,937,30,1702.89,1,Labeled
CUST1495,1348,1443,42,1084.56,0,Labeled
CUST1496,952,1066,20,1984.05,0,Labeled
CUST1497,202,1498,47,1673.52,1,Labeled
CUST1498,1263,1527,7,143.92,0,Labeled
CUST1499,1091,1225,33,1601.28,0,Labeled
CUST1500,1273,1571,3,1748.97,1,Labeled
CUST1501,816,1054,34,614.28,1,Labeled
CUST1502,215,1381,32,1545.76,1,Labeled
CUST1503,452,1234,32,1993.12,1,Labeled
CUST1504,144,867,42,1931.34,0,Labeled
CUST1505,79,760,7,1213.7400000000002,0,Labeled
CUST1506,1171,1759,27,472.48,0,Labeled
CUST1507,25,1604,14,818.9,1,Labeled
CUST1508,594,1442,38,1838.34,1,Labeled
CUST1509,378,795,32,1458.45,0,Labeled
CUST1510,32,1030,43,748.92,1,Labeled
CUST1511,352,1107,32,570.43,1,Labeled
CUST1512,90,1501,23,108.12,1,Labeled
CUST1513,86,984,26,1704.8500000000001,1,Labeled
CUST1514,955,1614,33,1285.6200000000001,0,Labeled
CUST1515,892,1183,8,704.01,0,Labeled
CUST1516,795,1630,40,1280.25,1,Labeled
CUST1517,715,892,20,697.08,1,Labeled
CUST1518,1099,1496,15,1930.44,0,Labeled
CUST1519,1186,1814,9,1334.8500000000001,0,Labeled
CUST1520,957,1033,36,1419.8,0,Labeled
CUST1521,21,1635,47,1529.12,0,Labeled
CUST1522,450,1147,43,869.68,1,Labeled
CUST1523,1256,1273,5,462.0,0,Labeled
CUST1524,1139,1630,29,1025.8,0,Labeled
CUST1525,434,805,18,1803.3000000000002,1,Labeled
CUST1526,1342,1342,26,604.8,1,Labeled
CUST1527,411,1724,39,1582.47,1,Labeled
CUST1528,896,1087,30,1197.66,0,Labeled
CUST1529,225,1604,7,681.84,0,Labeled
CUST1530,456,1244,19,507.99,0,Labeled
CUST1531,1124,1199,32,1398.95,0,Labeled
CUST1532,861,1098,45,75.72,0,Labeled
CUST1533,440,1726,32,1180.4,0,Labeled
CUST1534,645,942,2,744.1200000000001,0,Labeled
CUST1535,612,941,15,1607.67,1,Labeled
CUST1536,918,948,21,179.52,0,Labeled
CUST1537,315,1178,8,1773.52,0,Labeled
CUST1538,416,1137,46,1515.28,0,Labeled
CUST1539,188,1017,33,1322.73,0,Labeled
CUST1540,1132,1752,29,1889.64,0,Labeled
CUST1541,210,970,49,1785.48,1,Labeled
CUST1542,653,1129,9,1767.84,1,Labeled
CUST1543,1321,1346,38,699.99,1,Labeled
CUST1544,56,1077,3,1512.45,0,Labeled
CUST1545,556,908,17,1136.7,0,Labeled
CUST1546,968,1508,22,493.26,0,Labeled
CUST1547,41,822,12,577.99,0,Labeled
CUST1548,149,1726,6,1172.92,1,Labeled
CUST1549,1222,1570,20,1133.94,0,Labeled
CUST1550,129,1053,44,1809.12,0,Labeled
CUST1551,726,1501,9,1220.25,0,Labeled
CUST1552,978,1202,35,205.02,0,Labeled
CUST1553,62,1451,5,1376.19,0,Labeled
CUST1554,558,1225,22,231.68,1,Labeled
CUST1555,544,1331,6,1175.79,0,Labeled
CUST1556,992,1765,35,988.29,0,Labeled
CUST1557,284,1015,42,1543.19,0,Labeled
CUST1558,839,1351,43,1049.02,1,Labeled
CUST1559,1481,1553,41,1369.52,0,Labeled
CUST1560,199,832,22,1483.02,1,Labeled
CUST1561,504,1622,30,1433.34,0,Labeled
CUST1562,316,1015,7,265.76,0,Labeled
CUST1563,510,1337,19,1815.34,1,Labeled
CUST1564,502,1533,2,68.0,0,Labeled
CUST1565,312,1195,5,648.48,1,Labeled
CUST1566,1162,1639,5,110.64000000000001,0,Labeled
CUST1567,1395,1803,49,1321.44,1,Labeled
CUST1568,673,853,36,972.9300000000001,0,Labeled
CUST1569,726,1730,33,225.75,0,Labeled
CUST1570,653,1766,21,1064.96,0,Labeled
CUST1571,863,913,29,1151.19,0,Labeled
CUST1572,128,823,49,345.45,0,Labeled
CUST1573,655,1622,14,114.21,0,Labeled
CUST1574,85,1344,5,441.28,0,Labeled
CUST1575,84,1488,18,1829.12,0,Labeled
CUST1576,857,1481,46,1662.5099999999998,0,Labeled
CUST1577,1540,1630,3,559.72,0,Labeled
CUST1578,738,956,18,958.83,0,Labeled
CUST1579,633,973,12,429.24,0,Labeled
CUST1580,856,1752,17,294.32,0,Labeled
CUST1581,883,1185,48,1276.55,0,Labeled
CUST1582,1375,1704,10,1366.7,0,Labeled
CUST1583,546,1427,12,688.9499999999999,1,Labeled
CUST1584,11,1176,17,1237.04,0,Labeled
CUST1585,307,1216,22,215.39999999999998,1,Labeled
CUST1586,230,783,32,1977.3600000000001,0,Labeled
CUST1587,1016,1164,28,1243.6899999999998,0,Labeled
CUST1588,835,1620,19,1505.14,1,Labeled
CUST1589,42,1535,14,978.5,1,Labeled
CUST1590,313,1784,44,360.78,0,Labeled
CUST1591,624,1056,21,1103.92,1,Labeled
CUST1592,334,1016,36,739.41,0,Labeled
CUST1593,575,777,35,1708.08,0,Labeled
CUST1594,139,1215,2,838.26,0,Labeled
CUST1595,687,1310,47,175.82999999999998,1,Labeled
CUST1596,553,961,41,1568.22,1,Labeled
CUST1597,1665,1667,8,1395.2,0,Labeled
CUST1598,778,1686,9,1837.6499999999999,1,Labeled
CUST1599,423,1107,47,300.88,0,Labeled
CUST1600,140,778,40,1064.07,0,Labeled
CUST1601,496,1123,9,1043.23,0,Labeled
CUST1602,292,1290,11,1859.19,1,Labeled
CUST1603,14,964,47,1347.84,0,Labeled
CUST1604,75,1210,17,1181.37,0,Labeled
CUST1605,267,807,31,506.16,0,Labeled
CUST1606,858,1317,16,1835.04,0,Labeled
CUST1607,1054,1291,40,39.36,1,Labeled
CUST1608,581,786,4,1259.2,0,Labeled
CUST1609,823,1098,1,1901.8,1,Labeled
CUST1610,1199,1798,28,449.64,0,Labeled
CUST1611,1334,1464,32,375.92,0,Labeled
CUST1612,656,1311,18,988.32,0,Labeled
CUST1613,848,1136,13,1537.28,1,Labeled
CUST1614,508,1580,40,633.08,1,Labeled
CUST1615,375,1041,25,1764.77,1,Labeled
CUST1616,336,967,11,174.23,0,Labeled
CUST1617,171,1077,28,905.3399999999999,0,Labeled
CUST1618,298,1477,24,1359.28,1,Labeled
CUST1619,1454,1526,33,379.24,0,Labeled
CUST1620,335,1240,37,506.43,0,Labeled
CUST1621,752,775,13,415.64,0,Labeled
CUST1622,1180,1303,19,121.05000000000001,1,Labeled
CUST1623,896,1263,14,1059.36,1,Labeled
CUST1624,845,1686,49,885.5,1,Labeled
CUST1625,1687,1768,35,1677.13,0,Labeled
CUST1626,144,1338,28,826.9499999999999,1,Labeled
CUST1627,683,1458,28,890.88,1,Labeled
CUST1628,484,1428,30,1686.87,1,Labeled
CUST1629,307,1320,10,868.48,1,Labeled
CUST1630,471,1659,46,1816.8,1,Labeled
CUST1631,417,1321,6,1904.04,0,Labeled
CUST1632,572,1388,42,1879.5,0,Labeled
CUST1633,585,739,37,1398.88,1,Labeled
CUST1634,1085,1376,18,1657.76,0,Labeled
CUST1635,24,1526,40,930.04,0,Labeled
CUST1636,763,1326,25,604.71,0,Labeled
CUST1637,36,1523,39,671.28,0,Labeled
CUST1638,13,1485,1,924.05,1,Labeled
CUST1639,1420,1670,6,510.48,0,Labeled
CUST1640,59,1672,33,1436.0,1,Labeled
CUST1641,1062,1508,49,292.6,1,Labeled
CUST1642,41,1074,38,1083.84,0,Labeled
CUST1643,710,1085,10,1283.28,0,Labeled
CUST1644,254,1507,28,993.51,0,Labeled
CUST1645,23,1360,46,1213.32,0,Labeled
CUST1646,638,1081,13,1177.68,0,Labeled
CUST1647,42,1518,16,422.16,1,Labeled
CUST1648,763,1471,25,461.84,1,Labeled
CUST1649,690,1697,19,1572.16,1,Labeled
CUST1650,661,1516,37,621.36,0,Labeled
CUST1651,1072,1223,49,256.20000000000005,0,Labeled
CUST1652,405,908,28,1165.65,0,Labeled
CUST1653,1345,1453,20,343.42,0,Labeled
CUST1654,402,936,21,494.93999999999994,0,Labeled
CUST1655,519,770,16,859.29,1,Labeled
CUST1656,818,1756,34,334.96,0,Labeled
CUST1657,213,954,47,980.8,0,Labeled
CUST1658,735,880,22,1389.86,0,Labeled
CUST1659,212,1786,34,934.56,0,Labeled
CUST1660,278,955,18,1315.53,0,Labeled
CUST1661,1169,1546,41,292.32,0,Labeled
CUST1662,185,1768,39,891.6,1,Labeled
CUST1663,152,1823,10,1671.12,0,Labeled
CUST1664,150,863,8,1982.34,1,Labeled
CUST1665,711,1232,49,900.6600000000001,0,Labeled
CUST1666,446,800,49,566.52,1,Labeled
CUST1667,788,957,29,986.68,0,Labeled
CUST1668,453,1220,7,1015.44,1,Labeled
CUST1669,38,1709,10,1729.89,1,Labeled
CUST1670,771,1062,14,251.73,0,Labeled
CUST1671,901,988,39,1024.44,1,Labeled
CUST1672,914,1097,21,624.85,1,Labeled
CUST1673,1141,1356,30,547.3299999999999,1,Labeled
CUST1674,201,911,10,1505.35,0,Labeled
CUST1675,716,1051,31,259.05,1,Labeled
CUST1676,886,1050,1,1635.1,1,Labeled
CUST1677,131,759,19,940.8,1,Labeled
CUST1678,459,810,10,1464.84,1,Labeled
CUST1679,1433,1516,6,285.6,0,Labeled
CUST1680,183,820,24,1341.32,0,Labeled
CUST1681,581,1149,13,213.06,0,Labeled
CUST1682,1038,1631,48,291.6,0,Labeled
CUST1683,401,1774,15,24.709999999999997,0,Labeled
CUST1684,169,1225,24,1951.85,0,Labeled
CUST1685,938,1260,1,74.34,0,Labeled
CUST1686,1608,1687,15,85.44,1,Labeled
CUST1687,360,1254,14,1707.94,0,Labeled
CUST1688,270,1761,33,597.96,0,Labeled
CUST1689,1329,1507,24,139.98,1,Labeled
CUST1690,650,825,44,1171.71,1,Labeled
CUST1691,414,1587,11,1584.6000000000001,0,Labeled
CUST1692,874,1548,19,1324.26,0,Labeled
CUST1693,581,1287,38,273.71999999999997,0,Labeled
CUST1694,488,1560,30,432.65,1,Labeled
CUST1695,349,916,22,174.33,1,Labeled
CUST1696,997,1421,11,1070.67,1,Labeled
CUST1697,1470,1811,14,1976.22,0,Labeled
CUST1698,32,1333,3,1371.02,0,Labeled
CUST1699,1087,1425,4,206.78,1,Labeled
CUST1700,401,1323,15,621.8,1,Labeled
CUST1701,716,934,21,127.44999999999999,1,Labeled
CUST1702,13,762,24,130.76,0,Labeled
CUST1703,522,1369,32,1143.02,0,Labeled
CUST1704,526,781,5,158.58,1,Labeled
CUST1705,247,881,15,1172.01,0,Labeled
CUST1706,787,841,34,1224.25,0,Labeled
CUST1707,680,1202,46,517.79,1,Labeled
CUST1708,431,938,26,1797.52,0,Labeled
CUST1709,1090,1685,36,837.44,1,Labeled
CUST1710,1249,1281,45,1287.36,0,Labeled
CUST1711,174,735,47,657.36,0,Labeled
CUST1712,938,1299,16,1316.77,0,Labeled
CUST1713,219,1104,32,1719.4499999999998,1,Labeled
CUST1714,1440,1560,41,1167.08,1,Labeled
CUST1715,67,737,46,1446.9,0,Labeled
CUST1716,401,1233,12,1479.36,0,Labeled
CUST1717,664,1448,38,764.8,1,Labeled
CUST1718,1312,1759,12,84.35000000000001,0,Labeled
CUST1719,825,969,45,1754.96,1,Labeled
CUST1720,365,1655,49,903.7700000000001,1,Labeled
CUST1721,1193,1490,29,699.1,0,Labeled
CUST1722,472,1676,4,61.92,0,Labeled
CUST1723,18,1069,15,1764.8999999999999,0,Labeled
CUST1724,204,925,16,1562.7599999999998,0,Labeled
CUST1725,237,1128,43,1033.25,1,Labeled
CUST1726,883,959,41,477.57,0,Labeled
CUST1727,1002,1601,17,413.40000000000003,0,Labeled
CUST1728,247,893,22,1671.8100000000002,0,Labeled
CUST1729,89,1422,46,601.4,1,Labeled
CUST1730,503,1622,30,880.32,0,Labeled
CUST1731,386,871,8,425.19,0,Labeled
CUST1732,603,873,42,1310.43,0,Labeled
CUST1733,849,1523,21,163.95,0,Labeled
CUST1734,500,1335,33,1071.42,0,Labeled
CUST1735,130,1512,33,165.87,0,Labeled
CUST1736,1487,1788,24,1297.04,1,Labeled
CUST1737,697,1380,5,863.44,0,Labeled
CUST1738,741,1589,4,1792.08,0,Labeled
CUST1739,393,1253,29,808.92,0,Labeled
CUST1740,285,1018,22,412.98,0,Labeled
CUST1741,1607,1646,22,750.12,1,Labeled
CUST1742,965,1134,5,1126.48,0,Labeled
CUST1743,307,1436,1,468.78999999999996,0,Labeled
CUST1744,236,1405,12,365.45000000000005,0,Labeled
CUST1745,799,1364,3,1326.91,0,Labeled
CUST1746,1017,1582,23,374.7,0,Labeled
CUST1747,316,1529,23,842.28,0,Labeled
CUST1748,145,1228,31,970.83,0,Labeled
CUST1749,801,1721,6,1673.64,0,Labeled
CUST1750,165,803,34,1266.58,1,Labeled
CUST1751,878,1197,1,416.40000000000003,1,Labeled
CUST1752,354,828,26,856.16,1,Labeled
CUST1753,193,768,8,1860.03,0,Labeled
CUST1754,187,1400,19,525.3,0,Labeled
CUST1755,878,1604,15,874.5999999999999,0,Labeled
CUST1756,629,1598,46,1219.17,1,Labeled
CUST1757,266,1068,43,1718.46,0,Labeled
CUST1758,1689,1744,17,1815.84,0,Labeled
CUST1759,1163,1515,8,747.4,0,Labeled
CUST1760,976,1500,24,1226.52,1,Labeled
CUST1761,649,1558,30,939.5999999999999,1,Labeled
CUST1762,658,1461,12,1779.7,0,Labeled
CUST1763,863,1188,5,538.15,0,Labeled
CUST1764,388,863,21,625.24,1,Labeled
CUST1765,259,1780,36,1484.7,1,Labeled
CUST1766,114,900,5,1814.97,1,Labeled
CUST1767,163,860,19,1339.65,0,Labeled
CUST1768,30,835,48,1809.44,1,Labeled
CUST1769,1191,1354,24,1781.1,0,Labeled
CUST1770,42,1428,41,691.76,0,Labeled
CUST1771,686,1663,26,944.1,0,Labeled
CUST1772,573,828,19,1877.52,0,Labeled
CUST1773,938,1238,11,1603.98,0,Labeled
CUST1774,1534,1620,35,852.39,0,Labeled
CUST1775,303,1697,10,1069.92,0,Labeled
CUST1776,588,1140,22,1866.7,1,Labeled
CUST1777,793,886,14,1473.3,0,Labeled
CUST1778,1037,1743,12,623.28,1,Labeled
CUST1779,58,1125,4,848.8,1,Labeled
CUST1780,862,1333,17,1612.53,0,Labeled
CUST1781,1213,1286,25,563.6700000000001,0,Labeled
CUST1782,426,776,27,957.36,0,Labeled
CUST1783,750,1123,45,1042.78,0,Labeled
CUST1784,291,895,8,1857.33,1,Labeled
CUST1785,403,862,17,1661.28,0,Labeled
CUST1786,43,1465,27,1183.48,0,Labeled
CUST1787,396,1189,33,645.92,1,Labeled
CUST1788,935,1673,3,1839.3600000000001,0,Labeled
CUST1789,167,1101,34,1779.1999999999998,1,Labeled
CUST1790,849,1479,38,1830.76,1,Labeled
CUST1791,618,1605,5,1121.26,0,Labeled
CUST1792,551,888,24,1852.8899999999999,0,Labeled
CUST1793,1254,1429,1,1606.56,1,Labeled
CUST1794,10,1770,19,910.95,1,Labeled
CUST1795,474,900,41,372.08,0,Labeled
CUST1796,807,1306,39,1328.0,0,Labeled
CUST1797,1076,1647,38,424.14,0,Labeled
CUST1798,215,1654,38,1556.52,1,Labeled
CUST1799,867,1121,36,775.47,0,Labeled
CUST1800,468,1208,30,1652.22,0,Labeled
CUST1801,309,1583,45,562.88,0,Labeled
CUST1802,36,1009,38,1168.24,0,Labeled
CUST1803,373,1600,25,1925.49,1,Labeled
CUST1804,830,1369,18,1371.24,0,Labeled
CUST1805,554,951,3,1240.98,1,Labeled
CUST1806,1029,1070,8,492.75,0,Labeled
CUST1807,462,849,15,536.04,1,Labeled
CUST1808,845,1524,37,1926.42,0,Labeled
CUST1809,767,1504,38,1727.6,1,Labeled
CUST1810,484,1426,38,636.4,0,Labeled
CUST1811,869,1006,29,25.76,0,Labeled
CUST1812,1112,1533,15,1237.59,1,Labeled
CUST1813,917,926,23,37.68,0,Labeled
CUST1814,771,1802,11,880.6,0,Labeled
CUST1815,975,1218,13,1159.83,0,Labeled
CUST1816,400,990,33,1066.96,0,Labeled
CUST1817,546,1166,27,1277.28,1,Labeled
CUST1818,270,1608,5,1555.26,1,Labeled
CUST1819,98,823,49,1282.64,0,Labeled
CUST1820,852,1640,38,1690.92,1,Labeled
CUST1821,771,1415,8,163.95,0,Labeled
CUST1822,709,977,49,576.18,0,Labeled
CUST1823,185,1385,7,1315.5,0,Labeled
CUST1824,22,1052,12,722.91,1,Labeled
CUST1825,863,1007,33,877.2,1,Labeled
CUST1826,952,1111,33,589.92,1,Labeled
CUST1827,913,1182,22,1143.24,1,Labeled
CUST1828,1299,1473,4,494.88,1,Labeled
CUST1829,447,1750,24,1963.4,0,Labeled
CUST1830,665,1350,47,1142.04,1,Labeled
CUST1831,607,1217,1,1741.14,0,Labeled
CUST1832,164,1302,10,1914.1200000000001,1,Labeled
CUST1833,481,1220,26,1892.8200000000002,0,Labeled
CUST1834,432,1778,18,1649.05,1,Labeled
CUST1835,909,1070,4,1650.18,0,Labeled
CUST1836,786,1240,36,560.12,1,Labeled
CUST1837,363,1417,7,814.72,1,Labeled
CUST1838,1123,1572,38,94.44,1,Labeled
CUST1839,408,1451,6,1156.1999999999998,1,Labeled
CUST1840,1331,1583,36,345.90000000000003,0,Labeled
CUST1841,760,946,40,1738.1100000000001,1,Labeled
CUST1842,1259,1422,39,1183.74,1,Labeled
CUST1843,72,1815,38,1126.85,0,Labeled
CUST1844,107,806,34,402.29999999999995,1,Labeled
CUST1845,489,945,45,1357.6499999999999,1,Labeled
CUST1846,196,945,5,740.92,1,Labeled
CUST1847,1439,1488,1,1978.02,0,Labeled
CUST1848,729,1333,35,230.96,1,Labeled
CUST1849,270,1602,41,867.64,0,Labeled
CUST1850,510,1608,15,1131.08,0,Labeled
CUST1851,195,852,31,1146.75,1,Labeled
CUST1852,394,1540,29,1849.62,1,Labeled
CUST1853,21,1355,47,215.64,0,Labeled
CUST1854,448,1298,40,418.81,0,Labeled
CUST1855,136,809,28,356.15000000000003,0,Labeled
CUST1856,781,800,37,520.1999999999999,0,Labeled
CUST1857,835,874,36,1347.36,0,Labeled
CUST1858,248,835,20,1839.64,0,Labeled
CUST1859,1220,1464,34,1661.1000000000001,0,Labeled
CUST1860,801,1294,46,987.48,1,Labeled
CUST1861,237,1570,5,1483.92,0,Labeled
CUST1862,1499,1571,43,844.34,1,Labeled
CUST1863,448,732,49,97.04,0,Labeled
CUST1864,468,1161,4,1005.36,0,Labeled
CUST1865,630,1477,11,1288.1999999999998,0,Labeled
CUST1866,169,1783,30,813.33,1,Labeled
CUST1867,1426,1525,45,1469.8799999999999,1,Labeled
CUST1868,692,1036,1,1961.3,0,Labeled
CUST1869,753,1065,4,81.66,0,Labeled
CUST1870,1260,1453,7,649.95,0,Labeled
CUST1871,1013,1669,40,33.42,1,Labeled
CUST1872,1294,1359,22,1575.72,1,Labeled
CUST1873,143,1816,43,43.44,0,Labeled
CUST1874,231,1797,46,1949.8500000000001,0,Labeled
CUST1875,923,1581,2,1927.6200000000001,0,Labeled
CUST1876,120,1231,49,691.62,1,Labeled
CUST1877,420,1523,32,1168.56,1,Labeled
CUST1878,751,1209,38,359.59,1,Labeled
CUST1879,1668,1697,2,368.07,1,Labeled
CUST1880,88,1010,14,1983.72,0,Labeled
CUST1881,929,1139,19,1422.36,0,Labeled
CUST1882,41,1665,10,619.14,0,Labeled
CUST1883,1311,1693,35,633.44,1,Labeled
CUST1884,751,933,39,1530.84,1,Labeled
CUST1885,1185,1432,35,298.4,0,Labeled
CUST1886,364,796,19,1635.76,0,Labeled
CUST1887,680,1541,34,135.16,1,Labeled
CUST1888,1092,1593,36,966.24,0,Labeled
CUST1889,236,1008,1,55.7,0,Labeled
CUST1890,978,1387,21,1928.31,0,Labeled
CUST1891,87,1194,5,811.98,0,Labeled
CUST1892,275,1646,24,1715.8200000000002,1,Labeled
CUST1893,33,1348,32,1472.0500000000002,1,Labeled
CUST1894,347,1558,22,477.46999999999997,1,Labeled
CUST1895,886,1072,31,404.04,0,Labeled
CUST1896,278,991,42,1475.35,0,Labeled
CUST1897,556,1624,17,1514.7,0,Labeled
CUST1898,666,1818,32,1210.59,1,Labeled
CUST1899,1265,1727,43,1421.3500000000001,1,Labeled
CUST1900,590,893,9,1936.1399999999999,0,Labeled
CUST1901,249,1715,44,1583.24,0,Labeled
CUST1902,644,902,2,1305.48,0,Labeled
CUST1903,375,1194,31,1200.43,0,Labeled
CUST1904,190,967,4,1545.42,0,Labeled
CUST1905,39,1808,46,165.62,0,Labeled
CUST1906,221,1513,31,1715.6399999999999,0,Labeled
CUST1907,211,1376,9,1649.04,0,Labeled
CUST1908,815,1509,42,781.13,0,Labeled
CUST1909,433,1159,29,951.0200000000001,0,Labeled
CUST1910,1201,1351,26,1957.23,1,Labeled
CUST1911,503,1698,34,191.03,0,Labeled
CUST1912,215,869,43,908.16,1,Labeled
CUST1913,200,774,11,651.28,1,Labeled
CUST1914,284,1640,8,99.6,1,Labeled
CUST1915,676,1290,26,211.06,1,Labeled
CUST1916,1093,1136,37,1596.33,1,Labeled
CUST1917,1030,1151,24,236.75,0,Labeled
CUST1918,860,1013,43,539.04,0,Labeled
CUST1919,1341,1787,40,1894.96,0,Labeled
CUST1920,620,1198,49,1943.08,1,Labeled
CUST1921,268,995,22,1339.8000000000002,0,Labeled
CUST1922,1580,1723,17,1134.32,1,Labeled
CUST1923,1267,1598,22,1897.2599999999998,0,Labeled
CUST1924,104,1546,37,253.96,0,Labeled
CUST1925,568,945,39,314.54,1,Labeled
CUST1926,880,1595,30,1285.2,0,Labeled
CUST1927,710,1787,16,1631.0,1,Labeled
CUST1928,799,1754,8,1829.61,1,Labeled
CUST1929,1207,1405,38,1151.92,0,Labeled
CUST1930,676,851,37,1187.15,0,Labeled
CUST1931,339,1524,43,82.52,0,Labeled
CUST1932,98,1808,32,1768.44,0,Labeled
CUST1933,205,1442,45,1101.8,0,Labeled
CUST1934,134,1264,21,1681.72,0,Labeled
CUST1935,472,1032,40,1607.6399999999999,1,Labeled
CUST1936,704,1304,27,1768.56,0,Labeled
CUST1937,424,1588,47,794.4,1,Labeled
CUST1938,1208,1719,47,1782.82,0,Labeled
CUST1939,1126,1251,25,1728.37,1,Labeled
CUST1940,906,1504,7,290.5,1,Labeled
CUST1941,417,1018,2,247.7,0,Labeled
CUST1942,577,1202,35,1974.95,0,Labeled
CUST1943,869,891,47,704.88,0,Labeled
CUST1944,522,1641,14,1051.56,1,Labeled
CUST1945,987,1233,17,1022.76,1,Labeled
CUST1946,580,764,23,1743.7,1,Labeled
CUST1947,1155,1177,37,1411.1100000000001,0,Labeled
CUST1948,1535,1713,22,1747.25,0,Labeled
CUST1949,1122,1400,12,1480.26,1,Labeled
CUST1950,485,864,48,879.52,0,Labeled
CUST1951,718,1076,48,272.3,0,Labeled
CUST1952,737,1089,9,1413.96,0,Labeled
CUST1953,129,1590,48,1880.02,0,Labeled
CUST1954,242,797,42,499.68,1,Labeled
CUST1955,192,862,21,438.12,0,Labeled
CUST1956,146,1361,37,1802.85,0,Labeled
CUST1957,1393,1408,28,1556.76,1,Labeled
CUST1958,325,1301,9,1153.2599999999998,1,Labeled
CUST1959,1139,1479,5,1226.47,0,Labeled
CUST1960,158,1782,34,536.52,1,Labeled
CUST1961,1103,1307,38,604.8,0,Labeled
CUST1962,26,1389,12,1407.54,0,Labeled
CUST1963,824,1059,7,1975.9,1,Labeled
CUST1964,111,1010,5,468.30000000000007,0,Labeled
CUST1965,608,1385,11,1602.72,1,Labeled
CUST1966,548,1560,44,751.5,1,Labeled
CUST1967,1188,1481,31,231.36,1,Labeled
CUST1968,434,1624,29,433.26,0,Labeled
CUST1969,252,792,22,588.99,1,Labeled
CUST1970,154,1252,47,22.740000000000002,0,Labeled
CUST1971,279,1220,36,318.65999999999997,0,Labeled
CUST1972,27,958,37,542.25,1,Labeled
CUST1973,214,1425,28,1187.68,0,Labeled
CUST1974,940,1267,14,236.0,0,Labeled
CUST1975,88,1202,14,286.74,0,Labeled
CUST1976,652,800,9,1021.16,0,Labeled
CUST1977,991,1547,8,1185.4,0,Labeled
CUST1978,702,980,20,1954.64,0,Labeled
CUST1979,56,1144,6,528.84,1,Labeled
CUST1980,175,1220,39,1494.5,1,Labeled
CUST1981,124,785,41,1126.3,1,Labeled
CUST1982,1074,1787,46,411.67,1,Labeled
CUST1983,1193,1228,30,1271.04,0,Labeled
CUST1984,1167,1620,7,1982.82,0,Labeled
CUST1985,531,926,28,79.44,1,Labeled
CUST1986,563,1602,29,58.0,0,Labeled
CUST1987,849,913,17,193.32,0,Labeled
CUST1988,751,955,3,211.96,0,Labeled
CUST1989,439,969,2,926.84,0,Labeled
CUST1990,1026,1273,11,1116.1200000000001,0,Labeled
CUST1991,335,1651,8,437.26,1,Labeled
CUST1992,552,1284,33,419.82,1,Labeled
CUST1993,638,974,3,500.96,0,Labeled
CUST1994,1612,1715,19,404.7,0,Labeled
CUST1995,836,1802,21,1133.44,0,Labeled
CUST1996,76,1369,27,1488.3000000000002,0,Labeled
CUST1997,675,1042,24,184.60000000000002,0,Labeled
CUST1998,841,927,32,22.56,0,Labeled
CUST1999,952,1021,40,186.75,1,Labeled
CUST2000,221,874,48,1271.68,1,Labeled
CUST2001,685,811,22,1643.22,0,Labeled
CUST2002,584,1449,37,816.58,1,Labeled
CUST2003,593,1584,48,1177.96,0,Labeled
CUST2004,18,1492,34,1097.73,0,Labeled
CUST2005,560,1191,20,492.66,1,Labeled
CUST2006,715,1484,5,1718.0500000000002,0,Labeled
CUST2007,770,1544,16,1156.88,1,Labeled
CUST2008,610,1402,38,1162.2,1,Labeled
CUST2009,1360,1654,20,1138.74,0,Labeled
CUST2010,734,1661,2,861.21,0,Labeled
CUST2011,629,1410,21,1748.8,0,Labeled
CUST2012,191,1252,21,46.75,0,Labeled
CUST2013,1099,1600,7,869.42,1,Labeled
CUST2014,497,768,48,657.9,0,Labeled
CUST2015,521,1375,12,816.04,1,Labeled
CUST2016,701,1750,16,740.9399999999999,1,Labeled
CUST2017,1025,1033,39,1299.12,1,Labeled
CUST2018,923,1035,20,1154.96,1,Labeled
CUST2019,1381,1399,42,1557.96,1,Labeled
CUST2020,148,1249,49,751.84,0,Labeled
CUST2021,169,960,46,1235.34,0,Labeled
CUST2022,713,1481,39,1456.5600000000002,0,Labeled
CUST2023,1334,1818,18,1409.2,1,Labeled
CUST2024,1072,1156,4,1129.55,0,Labeled
CUST2025,520,1465,41,578.42,0,Labeled
CUST2026,158,1099,37,717.92,0,Labeled
CUST2027,137,826,5,1099.9099999999999,0,Labeled
CUST2028,392,1003,2,126.12,0,Labeled
CUST2029,146,772,25,503.64,1,Labeled
CUST2030,378,1034,25,952.56,1,Labeled
CUST2031,1660,1708,14,1536.84,1,Labeled
CUST2032,1496,1724,20,456.94,0,Labeled
CUST2033,525,1640,7,482.96,1,Labeled
CUST2034,695,1192,22,711.76,1,Labeled
CUST2035,944,998,36,774.69,0,Labeled
CUST2036,1294,1509,23,1583.4,1,Labeled
CUST2037,177,1323,29,1623.6,1,Labeled
CUST2038,139,1176,27,642.6,1,Labeled
CUST2039,657,1196,41,985.02,1,Labeled
CUST2040,598,1615,46,1759.76,0,Labeled
CUST2041,1404,1489,47,313.64,1,Labeled
CUST2042,400,1566,33,310.7,1,Labeled
CUST2043,540,1217,37,242.69,1,Labeled
CUST2044,382,890,1,1707.78,0,Labeled
CUST2045,639,1060,27,1584.06,0,Labeled
CUST2046,522,1377,13,437.55,0,Labeled
CUST2047,391,1428,35,1215.65,0,Labeled
CUST2048,401,1311,27,1760.72,1,Labeled
CUST2049,971,1510,31,793.56,1,Labeled
CUST2050,287,756,11,900.36,1,Labeled
CUST2051,194,986,14,1453.48,0,Labeled
CUST2052,96,1052,38,775.84,1,Labeled
CUST2053,245,1273,1,596.0,1,Labeled
CUST2054,485,849,21,903.14,0,Labeled
CUST2055,682,762,36,1171.84,1,Labeled
CUST2056,365,757,9,1825.62,0,Labeled
CUST2057,225,1646,28,915.96,0,Labeled
CUST2058,908,1338,14,381.44,1,Labeled
CUST2059,288,1282,21,1265.9,1,Labeled
CUST2060,154,1618,38,908.25,0,Labeled
CUST2061,952,1016,34,984.42,0,Labeled
CUST2062,586,1481,31,957.3000000000001,1,Labeled
CUST2063,309,939,21,688.6,1,Labeled
CUST2064,601,998,37,1628.97,1,Labeled
CUST2065,518,1723,31,800.9100000000001,0,Labeled
CUST2066,1054,1176,20,195.84,0,Labeled
CUST2067,44,1244,3,1690.2,1,Labeled
CUST2068,129,1447,33,1136.8,0,Labeled
CUST2069,370,1274,45,1519.3799999999999,1,Labeled
CUST2070,1365,1661,24,361.27,1,Labeled
CUST2071,407,1440,5,1546.1399999999999,0,Labeled
CUST2072,1567,1777,37,270.03000000000003,1,Labeled
CUST2073,786,1596,42,67.6,1,Labeled
CUST2074,519,1357,36,1082.08,0,Labeled
CUST2075,739,803,38,1307.76,0,Labeled
CUST2076,122,976,14,1306.62,0,Labeled
CUST2077,486,1103,19,486.4,1,Labeled
CUST2078,994,1191,37,470.61,0,Labeled
CUST2079,555,1730,17,1627.1000000000001,0,Labeled
CUST2080,1292,1546,20,1836.72,1,Labeled
CUST2081,367,1483,5,1420.68,0,Labeled
CUST2082,1100,1175,6,920.25,1,Labeled
CUST2083,99,911,9,1243.8,1,Labeled
CUST2084,858,910,11,264.71999999999997,0,Labeled
CUST2085,175,761,24,1330.98,1,Labeled
CUST2086,1253,1385,25,460.25,0,Labeled
CUST2087,738,1444,31,1719.1799999999998,0,Labeled
CUST2088,286,1050,23,1922.25,0,Labeled
CUST2089,1444,1784,42,553.0500000000001,0,Labeled
CUST2090,910,1363,15,1905.92,0,Labeled
CUST2091,183,1094,32,1085.74,1,Labeled
CUST2092,633,1424,26,1965.92,0,Labeled
CUST2093,505,776,31,928.11,0,Labeled
CUST2094,998,1732,27,33.6,0,Labeled
CUST2095,764,1047,31,988.88,0,Labeled
CUST2096,322,1310,33,847.2800000000001,0,Labeled
CUST2097,638,1268,24,1028.37,0,Labeled
CUST2098,742,1236,39,1319.96,1,Labeled
CUST2099,132,1142,15,337.04,1,Labeled
CUST2100,1055,1142,45,1252.96,0,Labeled
CUST2101,547,1211,49,1047.2,1,Labeled
CUST2102,617,754,29,1464.32,0,Labeled
CUST2103,68,873,30,1512.75,0,Labeled
CUST2104,314,1665,27,145.0,0,Labeled
CUST2105,425,1528,29,1194.42,0,Labeled
CUST2106,752,1802,39,1094.56,0,Labeled
CUST2107,966,1085,41,1491.08,0,Labeled
CUST2108,876,1039,35,1575.72,1,Labeled
CUST2109,586,1724,14,1785.88,0,Labeled
CUST2110,969,1336,43,816.72,0,Labeled
CUST2111,895,1100,9,1929.0,0,Labeled
CUST2112,534,1667,44,1074.4,0,Labeled
CUST2113,1482,1561,19,1143.35,0,Labeled
CUST2114,857,1017,33,1801.1000000000001,1,Labeled
CUST2115,723,1697,28,297.15,0,Labeled
CUST2116,716,1549,15,1487.29,1,Labeled
CUST2117,1184,1228,19,112.96,0,Labeled
CUST2118,1795,1800,44,1033.48,1,Labeled
CUST2119,473,1169,37,1273.05,0,Labeled
CUST2120,636,816,43,475.29,1,Labeled
CUST2121,409,904,38,849.05,1,Labeled
CUST2122,632,1060,8,671.9399999999999,0,Labeled
CUST2123,1238,1705,7,1692.8999999999999,1,Labeled
CUST2124,530,1696,23,978.84,0,Labeled
CUST2125,1744,1764,11,603.87,0,Labeled
CUST2126,1071,1773,25,464.22,0,Labeled
CUST2127,17,902,7,252.60000000000002,1,Labeled
CUST2128,329,826,33,814.08,0,Labeled
CUST2129,1255,1545,30,1916.28,0,Labeled
CUST2130,573,1782,9,1074.1499999999999,1,Labeled
CUST2131,98,1447,46,183.75,0,Labeled
CUST2132,842,1095,45,683.28,1,Labeled
CUST2133,453,985,5,1520.55,0,Labeled
CUST2134,642,1437,36,59.400000000000006,1,Labeled
CUST2135,373,736,29,1802.16,0,Labeled
CUST2136,428,1044,45,364.72,0,Labeled
CUST2137,899,1084,46,168.76,0,Labeled
CUST2138,953,1528,24,1192.3799999999999,1,Labeled
CUST2139,136,898,42,339.6,0,Labeled
CUST2140,1008,1076,39,581.84,0,Labeled
CUST2141,1076,1658,45,861.64,1,Labeled
CUST2142,972,1113,47,733.92,1,Labeled
CUST2143,618,746,49,515.52,0,Labeled
CUST2144,88,779,29,776.55,0,Labeled
CUST2145,1574,1767,18,776.04,0,Labeled
CUST2146,313,1622,37,809.6999999999999,1,Labeled
CUST2147,36,1158,14,449.08,1,Labeled
CUST2148,1290,1592,16,1056.9,1,Labeled
CUST2149,120,1045,16,583.1999999999999,0,Labeled
CUST2150,517,901,46,1323.28,0,Labeled
CUST2151,247,1335,17,1547.7,0,Labeled
CUST2152,27,1704,2,1991.34,0,Labeled
CUST2153,193,932,27,1882.24,1,Labeled
CUST2154,161,812,39,1010.74,0,Labeled
CUST2155,789,825,32,38.46,0,Labeled
CUST2156,298,1010,6,231.24,1,Labeled
CUST2157,665,1669,45,1492.4,1,Labeled
CUST2158,52,739,18,1051.82,0,Labeled
CUST2159,25,743,25,1468.08,0,Labeled
CUST2160,635,1617,49,1046.67,0,Labeled
CUST2161,1174,1270,5,1024.29,1,Labeled
CUST2162,1588,1643,32,153.84,0,Labeled
CUST2163,371,1564,29,264.32,0,Labeled
CUST2164,664,1563,7,1065.6,1,Labeled
CUST2165,1217,1813,31,1635.48,0,Labeled
CUST2166,879,1656,13,691.76,1,Labeled
CUST2167,2,985,27,1231.84,0,Labeled
CUST2168,1316,1813,8,1324.92,0,Labeled
CUST2169,831,1735,15,1470.99,0,Labeled
CUST2170,469,968,4,1899.95,1,Labeled
CUST2171,190,940,45,1562.04,1,Labeled
CUST2172,1067,1782,35,1119.1,0,Labeled
CUST2173,1637,1814,21,1881.0400000000002,0,Labeled
CUST2174,631,1035,31,1142.08,0,Labeled
CUST2175,1115,1436,35,1064.3400000000001,0,Labeled
CUST2176,961,1074,40,1335.36,1,Labeled
CUST2177,161,1027,49,1356.12,0,Labeled
CUST2178,1,1190,46,1972.38,1,Labeled
CUST2179,761,1066,16,348.57,0,Labeled
CUST2180,1464,1739,17,1613.36,1,Labeled
CUST2181,632,1421,6,33.2,1,Labeled
CUST2182,521,1274,33,1175.8500000000001,0,Labeled
CUST2183,668,1133,18,899.4000000000001,0,Labeled
CUST2184,1020,1178,26,643.98,1,Labeled
CUST2185,931,1087,4,819.6,1,Labeled
CUST2186,775,1051,30,1077.21,1,Labeled
CUST2187,630,1142,39,1264.72,1,Labeled
CUST2188,702,1521,15,665.88,1,Labeled
CUST2189,290,1178,9,1894.9,0,Labeled
CUST2190,926,1204,44,1805.8200000000002,0,Labeled
CUST2191,573,1015,49,611.12,0,Labeled
CUST2192,1502,1516,27,1482.18,1,Labeled
CUST2193,590,1410,13,862.8,1,Labeled
CUST2194,10,1279,40,1896.6,0,Labeled
CUST2195,780,1647,4,33.199999999999996,0,Labeled
CUST2196,488,1432,21,1514.94,1,Labeled
CUST2197,776,963,41,1921.75,0,Labeled
CUST2198,854,1653,7,1008.76,0,Labeled
CUST2199,659,748,39,1685.97,0,Labeled
CUST2200,655,1309,20,470.52,0,Labeled
CUST2201,708,893,25,948.96,0,Labeled
CUST2202,1343,1681,36,1955.16,0,Labeled
CUST2203,682,1579,6,1184.34,0,Labeled
CUST2204,537,1382,47,694.4699999999999,0,Labeled
CUST2205,536,1141,12,1591.7400000000002,0,Labeled
CUST2206,262,1672,20,1298.1999999999998,1,Labeled
CUST2207,602,833,23,1745.79,0,Labeled
CUST2208,996,1337,27,297.19,0,Labeled
CUST2209,103,1187,5,699.48,1,Labeled
CUST2210,151,1754,19,603.4,1,Labeled
CUST2211,1033,1523,28,354.0,0,Labeled
CUST2212,466,1073,36,1154.72,0,Labeled
CUST2213,578,1265,23,1855.4,0,Labeled
CUST2214,823,1229,44,29.12,1,Labeled
CUST2215,624,1572,20,395.36,1,Labeled
CUST2216,925,1681,42,1096.29,0,Labeled
CUST2217,278,1654,5,613.92,0,Labeled
CUST2218,273,811,29,1515.1499999999999,0,Labeled
CUST2219,1204,1501,44,1202.55,1,Labeled
CUST2220,230,1601,6,81.30000000000001,0,Labeled
CUST2221,845,1017,15,1057.56,0,Labeled
CUST2222,1087,1593,38,1921.6799999999998,1,Labeled
CUST2223,515,1355,22,638.8499999999999,0,Labeled
CUST2224,683,1795,12,1131.48,0,Labeled
CUST2225,267,774,13,1303.02,0,Labeled
CUST2226,586,880,31,1779.52,0,Labeled
CUST2227,964,1190,48,207.83,0,Labeled
CUST2228,159,866,35,809.28,0,Labeled
CUST2229,544,1106,32,1005.06,0,Labeled
CUST2230,634,1553,48,324.15,1,Labeled
CUST2231,28,1656,38,1994.58,1,Labeled
CUST2232,1702,1712,5,1361.28,0,Labeled
CUST2233,631,1766,36,1785.5600000000002,0,Labeled
CUST2234,1492,1826,27,804.23,0,Labeled
CUST2235,513,1076,17,1155.6,0,Labeled
CUST2236,472,1493,27,416.82,1,Labeled
CUST2237,201,1625,7,1427.64,0,Labeled
CUST2238,458,972,18,174.92999999999998,1,Labeled
CUST2239,634,764,28,184.92000000000002,0,Labeled
CUST2240,440,1114,39,1074.12,0,Labeled
CUST2241,1054,1631,16,848.32,0,Labeled
CUST2242,166,914,14,974.32,0,Labeled
CUST2243,476,1044,10,1984.8,0,Labeled
CUST2244,323,1526,20,610.13,0,Labeled
CUST2245,704,1741,7,553.59,0,Labeled
CUST2246,371,1056,28,1399.52,1,Labeled
CUST2247,105,1675,8,1111.66,0,Labeled
CUST2248,157,860,5,394.11,0,Labeled
CUST2249,749,1289,35,162.12,1,Labeled
CUST2250,777,1377,10,499.12,0,Labeled
CUST2251,1493,1809,44,1014.1800000000001,1,Labeled
CUST2252,545,1507,39,266.92,0,Labeled
CUST2253,773,1471,19,38.96,0,Labeled
CUST2254,1404,1406,33,526.33,1,Labeled
CUST2255,1074,1563,19,1964.4900000000002,1,Labeled
CUST2256,991,1427,39,984.4499999999999,0,Labeled
CUST2257,612,1803,6,424.44,1,Labeled
CUST2258,330,1430,17,306.42,0,Labeled
CUST2259,1607,1765,39,1358.9099999999999,0,Labeled
CUST2260,709,1269,4,1161.9,0,Labeled
CUST2261,175,921,47,210.18,0,Labeled
CUST2262,689,979,29,91.23,1,Labeled
CUST2263,136,893,38,1127.94,1,Labeled
CUST2264,447,759,38,578.12,0,Labeled
CUST2265,1106,1384,27,372.21,0,Labeled
CUST2266,898,1811,49,1127.8,0,Labeled
CUST2267,490,1515,11,1191.84,1,Labeled
CUST2268,1439,1460,4,1988.48,1,Labeled
CUST2269,581,1646,23,1532.79,0,Labeled
CUST2270,682,1156,42,915.31,0,Labeled
CUST2271,1038,1228,43,969.39,0,Labeled
CUST2272,126,928,17,401.12,1,Labeled
CUST2273,1483,1603,31,1991.63,0,Labeled
CUST2274,283,1604,1,1147.65,0,Labeled
CUST2275,17,1099,12,149.2,0,Labeled
CUST2276,988,1072,19,840.06,1,Labeled
CUST2277,541,1633,18,163.1,0,Labeled
CUST2278,572,906,32,1587.3000000000002,1,Labeled
CUST2279,15,891,4,61.739999999999995,0,Labeled
CUST2280,315,923,21,1137.2,0,Labeled
CUST2281,1,958,4,1313.19,0,Labeled
CUST2282,377,1488,36,526.25,0,Labeled
CUST2283,738,1315,33,585.72,0,Labeled
CUST2284,273,1420,28,1928.52,0,Labeled
CUST2285,103,1185,35,1019.35,0,Labeled
CUST2286,1031,1532,34,729.75,0,Labeled
CUST2287,466,1572,36,337.6,0,Labeled
CUST2288,815,1140,35,1671.92,1,Labeled
CUST2289,328,900,5,692.16,1,Labeled
CUST2290,448,1159,27,309.36,1,Labeled
CUST2291,777,1106,19,806.96,1,Labeled
CUST2292,915,1372,39,27.349999999999998,0,Labeled
CUST2293,988,1732,26,810.4499999999999,1,Labeled
CUST2294,226,875,32,580.8,0,Labeled
CUST2295,457,1548,40,1457.46,0,Labeled
CUST2296,451,1236,10,1385.72,0,Labeled
CUST2297,168,989,30,1363.8,0,Labeled
CUST2298,521,1411,16,251.4,1,Labeled
CUST2299,949,1282,13,572.8,0,Labeled
CUST2300,808,1019,36,731.92,1,Labeled
CUST2301,612,1038,18,45.81,1,Labeled
CUST2302,1005,1777,29,1328.6999999999998,0,Labeled
CUST2303,585,1245,4,1487.52,1,Labeled
CUST2304,1275,1812,11,1684.6,0,Labeled
CUST2305,1200,1600,13,1871.19,0,Labeled
CUST2306,245,771,2,1237.38,0,Labeled
CUST2307,1361,1686,22,1161.79,1,Labeled
CUST2308,639,1122,20,1693.6499999999999,1,Labeled
CUST2309,407,1116,6,1657.92,0,Labeled
CUST2310,531,857,47,1284.6299999999999,0,Labeled
CUST2311,375,1367,34,1568.9099999999999,1,Labeled
CUST2312,126,770,19,617.52,0,Labeled
CUST2313,349,1411,25,128.32,1,Labeled
CUST2314,39,1150,18,1856.8200000000002,1,Labeled
CUST2315,2,1082,6,433.9,1,Labeled
CUST2316,1129,1413,8,1596.0,0,Labeled
CUST2317,1267,1599,29,1175.52,1,Labeled
CUST2318,791,1626,25,1230.75,1,Labeled
CUST2319,1088,1388,23,22.29,0,Labeled
CUST2320,158,843,43,1383.18,0,Labeled
CUST2321,1240,1452,12,1000.52,0,Labeled
CUST2322,838,1138,7,1775.6,1,Labeled
CUST2323,370,836,20,1143.57,0,Labeled
CUST2324,731,1550,15,255.16,0,Labeled
CUST2325,1339,1442,48,1384.53,1,Labeled
CUST2326,497,1621,10,1032.64,1,Labeled
CUST2327,827,1470,29,263.68,0,Labeled
CUST2328,77,1079,13,1898.8,0,Labeled
CUST2329,841,1043,35,1629.13,0,Labeled
CUST2330,191,1718,44,553.2,0,Labeled
CUST2331,87,910,30,836.2199999999999,1,Labeled
CUST2332,1305,1711,36,517.3,1,Labeled
CUST2333,982,1805,34,1381.08,0,Labeled
CUST2334,345,1273,43,545.36,0,Labeled
CUST2335,807,1107,2,345.36,0,Labeled
CUST2336,529,1800,6,1983.66,1,Labeled
CUST2337,35,1602,21,642.96,1,Labeled
CUST2338,841,1481,14,1776.88,1,Labeled
CUST2339,90,1434,46,1859.88,0,Labeled
CUST2340,1290,1523,6,1759.6,1,Labeled
CUST2341,862,893,38,406.16,1,Labeled
CUST2342,998,1023,22,1626.72,0,Labeled
CUST2343,184,1546,17,329.58,0,Labeled
CUST2344,903,970,22,924.8000000000001,1,Labeled
CUST2345,770,1612,6,1302.3,1,Labeled
CUST2346,1127,1514,13,1868.97,0,Labeled
CUST2347,416,861,43,1228.1499999999999,1,Labeled
CUST2348,210,1553,49,1914.57,1,Labeled
CUST2349,1459,1461,11,1074.1499999999999,1,Labeled
CUST2350,530,1013,1,907.86,0,Labeled
CUST2351,469,1768,16,1336.56,1,Labeled
CUST2352,106,1344,20,1700.0,0,Labeled
CUST2353,862,1709,7,158.76,1,Labeled
CUST2354,148,864,10,81.92,1,Labeled
CUST2355,199,1029,24,1353.6,0,Labeled
CUST2356,72,778,12,335.08,0,Labeled
CUST2357,704,1376,29,1002.51,1,Labeled
CUST2358,4,1414,47,1700.1000000000001,1,Labeled
CUST2359,299,736,26,973.6200000000001,0,Labeled
CUST2360,192,1662,3,566.91,0,Labeled
CUST2361,758,1464,49,1884.2,0,Labeled
CUST2362,27,1144,3,184.08,1,Labeled
CUST2363,130,839,36,690.54,1,Labeled
CUST2364,1313,1696,40,1588.58,1,Labeled
CUST2365,829,1076,48,912.3100000000001,1,Labeled
CUST2366,1058,1165,9,84.28,0,Labeled
CUST2367,17,1619,17,246.03,0,Labeled
CUST2368,756,1666,18,908.2,1,Labeled
CUST2369,1329,1638,35,1350.0,1,Labeled
CUST2370,473,1392,22,710.4000000000001,0,Labeled
CUST2371,1534,1576,9,1897.8,0,Labeled
CUST2372,405,865,37,514.9,0,Labeled
CUST2373,339,1535,36,1772.26,1,Labeled
CUST2374,794,1187,39,584.3100000000001,1,Labeled
CUST2375,211,751,13,684.85,0,Labeled
CUST2376,93,775,3,399.20000000000005,0,Labeled
CUST2377,403,1734,47,531.09,1,Labeled
CUST2378,44,837,47,582.0,1,Labeled
CUST2379,1087,1786,37,1115.8,1,Labeled
CUST2380,302,1480,20,755.57,1,Labeled
CUST2381,297,1469,5,1721.16,0,Labeled
CUST2382,669,1420,10,161.58,1,Labeled
CUST2383,225,1212,34,126.56,1,Labeled
CUST2384,353,807,2,1592.44,0,Labeled
CUST2385,402,800,39,822.44,1,Labeled
CUST2386,227,977,18,815.0999999999999,0,Labeled
CUST2387,634,869,15,281.76,0,Labeled
CUST2388,329,990,8,1221.69,0,Labeled
CUST2389,595,1551,12,1270.6200000000001,1,Labeled
CUST2390,416,1301,40,1612.8,1,Labeled
CUST2391,1548,1768,31,148.12,0,Labeled
CUST2392,1509,1775,47,949.04,0,Labeled
CUST2393,346,863,15,1298.8,1,Labeled
CUST2394,430,1392,39,847.4,1,Labeled
CUST2395,563,1410,31,895.59,1,Labeled
CUST2396,214,1453,9,1615.8,0,Labeled
CUST2397,176,1460,41,1785.74,0,Labeled
CUST2398,1019,1663,33,582.96,0,Labeled
CUST2399,839,1459,49,393.84,0,Labeled
CUST2400,284,1379,35,1660.88,0,Labeled
CUST2401,339,1695,32,1567.92,1,Labeled
CUST2402,662,1176,32,799.17,0,Labeled
CUST2403,1379,1556,11,1058.48,1,Labeled
CUST2404,816,839,18,1923.4,0,Labeled
CUST2405,914,1250,10,1914.38,0,Labeled
CUST2406,767,807,41,1358.82,0,Labeled
CUST2407,1378,1464,30,436.14,1,Labeled
CUST2408,1585,1671,16,1533.5600000000002,0,Labeled
CUST2409,1435,1579,25,636.09,0,Labeled
CUST2410,432,845,9,72.02,1,Labeled
CUST2411,372,968,45,1940.3,1,Labeled
CUST2412,150,1476,33,327.28,0,Labeled
CUST2413,104,1360,5,859.2,0,Labeled
CUST2414,476,1027,13,1969.9499999999998,0,Labeled
CUST2415,246,942,47,1704.56,0,Labeled
CUST2416,316,839,34,1559.3999999999999,1,Labeled
CUST2417,244,854,4,1499.25,0,Labeled
CUST2418,425,1448,39,1457.3700000000001,0,Labeled
CUST2419,3,1551,21,1836.4,0,Labeled
CUST2420,482,849,13,298.18,1,Labeled
CUST2421,281,1312,8,1299.21,1,Labeled
CUST2422,1142,1637,19,1208.83,0,Labeled
CUST2423,564,916,35,1437.3600000000001,0,Labeled
CUST2424,669,1148,2,1124.88,0,Labeled
CUST2425,1187,1570,30,1458.3100000000002,1,Labeled
CUST2426,451,1521,13,905.58,0,Labeled
CUST2427,860,1267,15,53.12,1,Labeled
CUST2428,590,835,31,1050.72,1,Labeled
CUST2429,350,943,45,1092.39,0,Labeled
CUST2430,654,1340,41,1638.6,1,Labeled
CUST2431,642,1182,4,622.92,1,Labeled
CUST2432,270,1771,5,1808.64,1,Labeled
CUST2433,472,1337,32,1695.0,0,Labeled
CUST2434,703,1188,10,703.71,0,Labeled
CUST2435,287,1073,37,1502.12,1,Labeled
CUST2436,547,1524,34,908.34,1,Labeled
CUST2437,704,919,15,1197.2,0,Labeled
CUST2438,390,1414,36,234.74,0,Labeled
CUST2439,902,1517,11,1330.1399999999999,1,Labeled
CUST2440,1258,1346,37,1489.12,1,Labeled
CUST2441,1355,1420,24,1200.21,0,Labeled
CUST2442,260,1333,34,1172.97,1,Labeled
CUST2443,1295,1505,8,445.12,1,Labeled
CUST2444,542,1034,49,1822.52,0,Labeled
CUST2445,427,1214,15,1370.04,1,Labeled
CUST2446,516,1648,45,1192.08,0,Labeled
CUST2447,982,1153,6,1205.24,0,Labeled
CUST2448,107,877,22,1618.55,0,Labeled
CUST2449,212,1269,44,1838.97,0,Labeled
CUST2450,47,771,14,1626.48,0,Labeled
CUST2451,319,979,48,1224.08,0,Labeled
CUST2452,1575,1786,32,1842.8,1,Labeled
CUST2453,574,899,17,603.99,1,Labeled
CUST2454,1580,1824,27,104.39999999999999,1,Labeled
CUST2455,331,1642,16,1394.4,0,Labeled
CUST2456,1023,1623,45,1952.02,0,Labeled
CUST2457,486,804,15,1680.9099999999999,0,Labeled
CUST2458,862,985,19,572.88,1,Labeled
CUST2459,1576,1773,22,884.73,0,Labeled
CUST2460,806,1649,27,202.64,1,Labeled
CUST2461,853,1826,18,1034.24,0,Labeled
CUST2462,171,1476,24,393.84,1,Labeled
CUST2463,256,753,27,773.01,0,Labeled
CUST2464,495,1329,21,1358.15,1,Labeled
CUST2465,763,1032,30,40.7,0,Labeled
CUST2466,1418,1712,9,1189.72,0,Labeled
CUST2467,643,1823,36,682.6,1,Labeled
CUST2468,698,981,8,1790.8500000000001,0,Labeled
CUST2469,814,1790,4,623.62,0,Labeled
CUST2470,551,866,34,666.92,0,Labeled
CUST2471,16,829,17,240.82,0,Labeled
CUST2472,843,1310,31,508.06,1,Labeled
CUST2473,183,1349,23,430.55,1,Labeled
CUST2474,1048,1131,9,113.88,0,Labeled
CUST2475,994,1699,24,1003.04,0,Labeled
CUST2476,470,1743,8,1832.92,0,Labeled
CUST2477,770,1371,43,1696.55,1,Labeled
CUST2478,439,819,25,589.66,0,Labeled
CUST2479,1615,1725,47,1503.11,0,Labeled
CUST2480,364,1694,46,913.56,1,Labeled
CUST2481,232,1413,44,1031.3,0,Labeled
CUST2482,640,803,8,203.31,1,Labeled
CUST2483,36,1057,11,1942.44,1,Labeled
CUST2484,272,926,19,352.9,1,Labeled
CUST2485,778,1356,39,49.62,0,Labeled
CUST2486,191,958,49,1630.96,0,Labeled
CUST2487,822,1807,24,1743.25,0,Labeled
CUST2488,980,1211,11,866.25,1,Labeled
CUST2489,1236,1382,45,751.36,0,Labeled
CUST2490,493,1595,34,816.44,1,Labeled
CUST2491,368,1518,40,1040.32,1,Labeled
CUST2492,868,995,40,1313.4,0,Labeled
CUST2493,344,900,46,1086.06,1,Labeled
CUST2494,1070,1520,2,161.28,0,Labeled
CUST2495,232,1333,46,1388.73,1,Labeled
CUST2496,902,1251,6,969.5,1,Labeled
CUST2497,763,1540,18,827.6,1,Labeled
CUST2498,390,1304,12,683.28,0,Labeled
CUST2499,810,849,26,1165.8000000000002,0,Labeled
CUST2500,897,1507,42,939.35,0,Labeled
CUST2501,881,1591,3,1856.97,1,Labeled
CUST2502,1257,1634,29,1155.2,0,Labeled
CUST2503,263,1312,48,743.67,0,Labeled
CUST2504,560,777,37,1048.4,1,Labeled
CUST2505,1053,1646,37,1477.32,0,Labeled
CUST2506,533,1041,48,23.28,0,Labeled
CUST2507,629,957,26,1944.32,0,Labeled
CUST2508,120,1289,3,375.6,1,Labeled
CUST2509,1025,1304,11,522.52,1,Labeled
CUST2510,745,1190,38,153.35000000000002,0,Labeled
CUST2511,1212,1469,15,1799.68,1,Labeled
CUST2512,917,1167,34,25.650000000000002,1,Labeled
CUST2513,655,1681,14,1142.92,0,Labeled
CUST2514,237,1610,35,1117.32,0,Labeled
CUST2515,133,874,7,174.60000000000002,1,Labeled
CUST2516,1209,1412,18,1899.42,0,Labeled
CUST2517,63,1299,37,1218.3,0,Labeled
CUST2518,1118,1411,9,1429.56,0,Labeled
CUST2519,139,1774,27,215.17999999999998,1,Labeled
CUST2520,515,1038,37,1587.6,1,Labeled
CUST2521,676,996,8,1757.94,0,Labeled
CUST2522,995,1606,5,682.08,1,Labeled
CUST2523,517,1707,5,1440.25,1,Labeled
CUST2524,478,1481,45,884.94,0,Labeled
CUST2525,151,809,40,1230.3600000000001,0,Labeled
CUST2526,107,1781,14,174.36,0,Labeled
CUST2527,456,1052,40,281.60999999999996,0,Labeled
CUST2528,628,909,12,1879.0,1,Labeled
CUST2529,528,1149,42,1387.5,1,Labeled
CUST2530,666,1070,39,979.84,0,Labeled
CUST2531,693,1378,4,459.68,0,Labeled
CUST2532,406,1157,4,292.53,0,Labeled
CUST2533,110,900,11,717.6899999999999,0,Labeled
CUST2534,966,1658,10,361.98,1,Labeled
CUST2535,368,907,30,1161.0,1,Labeled
CUST2536,352,876,41,1659.69,0,Labeled
CUST2537,598,858,16,541.4399999999999,0,Labeled
CUST2538,870,1026,38,540.08,1,Labeled
CUST2539,706,1241,32,438.59999999999997,0,Labeled
CUST2540,1669,1788,4,629.4,1,Labeled
CUST2541,596,858,17,587.49,0,Labeled
CUST2542,302,1329,15,1810.16,1,Labeled
CUST2543,1482,1750,5,1460.1,0,Labeled
CUST2544,461,831,3,1764.09,1,Labeled
CUST2545,553,822,41,1683.58,1,Labeled
CUST2546,387,887,45,151.42,1,Labeled
CUST2547,1555,1695,25,1053.12,0,Labeled
CUST2548,208,1158,20,1037.36,1,Labeled
CUST2549,287,1157,42,1735.82,0,Labeled
CUST2550,786,1406,48,357.96,0,Labeled
CUST2551,631,1076,31,675.6,1,Labeled
CUST2552,1377,1633,21,708.12,0,Labeled
CUST2553,479,1305,22,1096.92,0,Labeled
CUST2554,559,1254,45,560.25,1,Labeled
CUST2555,379,922,12,1618.3500000000001,1,Labeled
CUST2556,517,1444,44,960.43,0,Labeled
CUST2557,999,1276,3,66.96,0,Labeled
CUST2558,705,1383,10,1213.44,0,Labeled
CUST2559,11,1029,12,1145.28,0,Labeled
CUST2560,494,831,37,1785.86,0,Labeled
CUST2561,48,1442,26,1642.15,1,Labeled
CUST2562,864,1691,7,894.21,0,Labeled
CUST2563,1071,1277,28,506.96,1,Labeled
CUST2564,31,1549,43,938.72,0,Labeled
CUST2565,864,1312,33,1040.91,0,Labeled
CUST2566,1004,1108,5,1739.1999999999998,1,Labeled
CUST2567,1443,1666,38,973.12,1,Labeled
CUST2568,756,1628,5,1943.7599999999998,0,Labeled
CUST2569,1044,1121,17,1539.27,0,Labeled
CUST2570,526,1311,8,93.32,1,Labeled
CUST2571,833,1666,38,696.56,1,Labeled
CUST2572,1049,1224,5,1185.73,0,Labeled
CUST2573,962,1062,29,1442.28,1,Labeled
CUST2574,920,1329,26,1187.82,0,Labeled
CUST2575,236,1215,12,44.5,0,Labeled
CUST2576,94,1776,18,749.88,1,Labeled
CUST2577,594,1220,16,1327.55,0,Labeled
CUST2578,1603,1805,19,1975.86,1,Labeled
CUST2579,747,1615,41,1275.75,0,Labeled
CUST2580,1547,1775,3,1854.93,0,Labeled
CUST2581,1203,1632,38,1521.96,1,Labeled
CUST2582,331,1805,14,645.12,0,Labeled
CUST2583,405,940,11,1226.37,1,Labeled
CUST2584,521,1697,40,159.04999999999998,0,Labeled
CUST2585,290,1332,44,966.86,0,Labeled
CUST2586,111,1507,31,1177.44,0,Labeled
CUST2587,646,810,23,1955.24,0,Labeled
CUST2588,377,990,17,1005.84,1,Labeled
CUST2589,531,758,12,1442.6999999999998,0,Labeled
CUST2590,240,1528,25,1798.75,0,Labeled
CUST2591,152,804,32,1115.87,0,Labeled
CUST2592,1256,1512,8,1246.02,1,Labeled
CUST2593,1288,1324,43,687.08,1,Labeled
CUST2594,467,1060,25,420.09000000000003,0,Labeled
CUST2595,307,1310,35,1113.75,0,Labeled
CUST2596,974,1732,12,1735.78,1,Labeled
CUST2597,619,1492,10,852.88,1,Labeled
CUST2598,1103,1103,22,1370.1,0,Labeled
CUST2599,94,950,12,1335.6,0,Labeled
CUST2600,795,1122,30,1594.6200000000001,0,Labeled
CUST2601,909,1154,47,1013.76,1,Labeled
CUST2602,1538,1752,1,1137.28,1,Labeled
CUST2603,36,775,29,1121.4,0,Labeled
CUST2604,886,1404,24,368.24,0,Labeled
CUST2605,492,733,14,839.86,0,Labeled
CUST2606,714,1369,38,428.32,0,Labeled
CUST2607,648,811,30,1739.04,0,Labeled
CUST2608,902,1183,16,823.43,0,Labeled
CUST2609,1089,1218,11,1831.44,0,Labeled
CUST2610,906,982,2,708.82,1,Labeled
CUST2611,112,1584,20,577.3199999999999,1,Labeled
CUST2612,350,830,16,1159.0,1,Labeled
CUST2613,390,767,24,1610.25,0,Labeled
CUST2614,1516,1585,43,415.62,1,Labeled
CUST2615,155,1392,17,1699.62,0,Labeled
CUST2616,260,757,44,1820.8400000000001,0,Labeled
CUST2617,888,1023,43,1295.44,0,Labeled
CUST2618,382,1050,3,1343.93,0,Labeled
CUST2619,336,1608,37,824.4,1,Labeled
CUST2620,1080,1569,12,878.72,0,Labeled
CUST2621,226,732,34,1004.78,1,Labeled
CUST2622,570,1349,21,1814.8500000000001,0,Labeled
CUST2623,398,1110,32,1675.08,0,Labeled
CUST2624,722,1569,42,1284.68,1,Labeled
CUST2625,225,1336,47,1871.12,1,Labeled
CUST2626,1083,1405,27,1356.6,1,Labeled
CUST2627,805,1750,26,1503.68,0,Labeled
CUST2628,1115,1236,30,1105.58,0,Labeled
CUST2629,436,1402,45,855.6299999999999,0,Labeled
CUST2630,237,939,43,1330.8,1,Labeled
CUST2631,322,838,21,1905.16,0,Labeled
CUST2632,964,1679,40,1496.8799999999999,1,Labeled
CUST2633,98,934,29,850.8,1,Labeled
CUST2634,426,1518,48,1839.2,0,Labeled
CUST2635,42,1264,23,1271.68,0,Labeled
CUST2636,734,882,49,1132.56,1,Labeled
CUST2637,704,823,30,428.96,0,Labeled
CUST2638,266,1375,4,1565.13,0,Labeled
CUST2639,1014,1527,29,147.57,1,Labeled
CUST2640,483,803,15,1477.0,0,Labeled
CUST2641,1062,1460,46,1811.62,0,Labeled
CUST2642,806,837,2,781.76,0,Labeled
CUST2643,1269,1411,39,1232.22,1,Labeled
CUST2644,395,1035,9,549.72,0,Labeled
CUST2645,435,1112,46,869.2,1,Labeled
CUST2646,105,1665,35,1534.8600000000001,0,Labeled
CUST2647,643,1135,6,717.26,1,Labeled
CUST2648,618,1012,35,49.12,1,Labeled
CUST2649,1426,1573,29,896.32,0,Labeled
CUST2650,312,872,33,1885.06,1,Labeled
CUST2651,1310,1707,30,1428.8,1,Labeled
CUST2652,1084,1524,10,1666.1399999999999,0,Labeled
CUST2653,834,1779,33,866.64,1,Labeled
CUST2654,1413,1692,4,1831.4,1,Labeled
CUST2655,1544,1683,12,524.46,1,Labeled
CUST2656,107,1088,13,1054.74,0,Labeled
CUST2657,0,1826,34,713.6999999999999,0,Labeled
CUST2658,154,1657,38,1285.47,0,Labeled
CUST2659,946,1632,15,316.1,0,Labeled
CUST2660,1053,1575,20,1096.96,1,Labeled
CUST2661,622,1689,16,627.27,0,Labeled
CUST2662,268,1141,22,1178.56,0,Labeled
CUST2663,465,998,31,735.1,0,Labeled
CUST2664,709,1475,19,1965.66,1,Labeled
CUST2665,380,1413,2,1647.38,1,Labeled
CUST2666,542,775,8,140.28,0,Labeled
CUST2667,73,802,22,1577.07,1,Labeled
CUST2668,555,1692,34,1650.3999999999999,0,Labeled
CUST2669,780,866,36,480.08,1,Labeled
CUST2670,990,1559,47,33.120000000000005,0,Labeled
CUST2671,1309,1818,37,647.78,0,Labeled
CUST2672,69,738,34,263.34000000000003,1,Labeled
CUST2673,544,1141,2,595.6,1,Labeled
CUST2674,850,1375,42,1250.08,0,Labeled
CUST2675,298,1418,3,812.8199999999999,1,Labeled
CUST2676,543,1750,25,1629.62,0,Labeled
CUST2677,834,1770,43,807.72,0,Labeled
CUST2678,578,1531,48,981.3000000000001,0,Labeled
CUST2679,758,1400,32,375.34999999999997,1,Labeled
CUST2680,1229,1285,1,949.12,0,Labeled
CUST2681,1517,1541,34,373.59,0,Labeled
CUST2682,502,903,38,607.6800000000001,0,Labeled
CUST2683,121,927,48,430.05,0,Labeled
CUST2684,267,971,11,1534.25,0,Labeled
CUST2685,63,1407,27,531.5699999999999,0,Labeled
CUST2686,744,1620,32,1804.28,1,Labeled
CUST2687,158,908,2,102.52,1,Labeled
CUST2688,1471,1550,23,109.19999999999999,0,Labeled
CUST2689,519,1819,38,1003.7,0,Labeled
CUST2690,0,1605,46,1806.42,0,Labeled
CUST2691,797,839,33,1150.77,0,Labeled
CUST2692,455,911,31,799.4,1,Labeled
CUST2693,366,956,17,580.4399999999999,0,Labeled
CUST2694,218,1585,12,1176.32,1,Labeled
CUST2695,233,1283,12,610.5600000000001,0,Labeled
CUST2696,582,830,49,488.97,0,Labeled
CUST2697,540,790,34,1803.2000000000003,0,Labeled
CUST2698,1136,1794,41,400.98,1,Labeled
CUST2699,93,827,22,728.1,0,Labeled
CUST2700,460,878,13,1419.03,1,Labeled
CUST2701,582,1789,26,839.84,0,Labeled
CUST2702,408,964,13,251.6,0,Labeled
CUST2703,120,1722,24,435.87,1,Labeled
CUST2704,308,1153,44,1716.72,1,Labeled
CUST2705,1475,1513,23,1642.48,1,Labeled
CUST2706,208,1381,21,1324.64,1,Labeled
CUST2707,67,1317,39,841.32,0,Labeled
CUST2708,312,1423,10,1820.32,1,Labeled
CUST2709,122,891,35,1559.6399999999999,1,Labeled
CUST2710,558,1239,39,1856.0,0,Labeled
CUST2711,350,1236,34,1294.4399999999998,1,Labeled
CUST2712,91,898,30,1121.46,0,Labeled
CUST2713,133,1477,46,743.3100000000001,0,Labeled
CUST2714,884,1402,36,95.78999999999999,0,Labeled
CUST2715,464,1131,7,979.84,1,Labeled
CUST2716,1410,1555,48,317.08,1,Labeled
CUST2717,210,872,42,248.49,0,Labeled
CUST2718,1284,1310,18,273.87,1,Labeled
CUST2719,896,1749,35,1740.44,1,Labeled
CUST2720,86,953,41,1580.31,1,Labeled
CUST2721,501,1776,27,1451.92,0,Labeled
CUST2722,576,1163,2,1419.93,1,Labeled
CUST2723,325,1056,9,936.36,0,Labeled
CUST2724,707,789,31,70.75,0,Labeled
CUST2725,1529,1569,13,1312.32,1,Labeled
CUST2726,1543,1669,23,620.3100000000001,0,Labeled
CUST2727,918,1586,1,1944.3,1,Labeled
CUST2728,87,940,36,67.1,0,Labeled
CUST2729,897,1139,18,909.6,0,Labeled
CUST2730,758,1640,26,1050.24,1,Labeled
CUST2731,929,1112,35,776.76,0,Labeled
CUST2732,134,1076,34,1413.54,0,Labeled
CUST2733,56,1120,36,855.45,0,Labeled
CUST2734,788,982,19,1586.8000000000002,0,Labeled
CUST2735,410,1219,22,1839.21,0,Labeled
CUST2736,744,1235,40,785.61,0,Labeled
CUST2737,1038,1179,35,454.95,0,Labeled
CUST2738,545,1024,40,874.29,0,Labeled
CUST2739,704,794,47,407.69,1,Labeled
CUST2740,104,943,33,422.4,0,Labeled
CUST2741,1768,1823,18,248.17,0,Labeled
CUST2742,62,1824,19,1625.6,0,Labeled
CUST2743,1301,1591,49,297.71999999999997,0,Labeled
CUST2744,1311,1369,11,1165.8000000000002,0,Labeled
CUST2745,936,1559,16,988.75,0,Labeled
CUST2746,452,1038,35,1498.23,1,Labeled
CUST2747,373,1154,12,242.33,1,Labeled
CUST2748,732,1619,21,946.91,0,Labeled
CUST2749,1227,1361,25,411.67,0,Labeled
CUST2750,166,1345,34,1421.92,0,Labeled
CUST2751,1012,1460,4,1500.18,0,Labeled
CUST2752,569,1275,24,1193.5500000000002,0,Labeled
CUST2753,573,980,12,240.85000000000002,0,Labeled
CUST2754,1208,1260,38,1230.84,1,Labeled
CUST2755,611,1113,25,843.85,0,Labeled
CUST2756,744,908,25,1478.58,0,Labeled
CUST2757,18,1456,32,1463.1999999999998,0,Labeled
CUST2758,164,999,47,1016.4,1,Labeled
CUST2759,864,977,46,1863.6,1,Labeled
CUST2760,764,990,9,1054.6200000000001,1,Labeled
CUST2761,1145,1477,34,277.62,1,Labeled
CUST2762,1167,1250,25,237.60000000000002,1,Labeled
CUST2763,22,902,9,1486.44,1,Labeled
CUST2764,593,1065,15,57.6,0,Labeled
CUST2765,141,905,39,578.16,0,Labeled
CUST2766,51,765,31,987.2,0,Labeled
CUST2767,878,915,39,1261.3999999999999,1,Labeled
CUST2768,558,975,36,364.29,0,Labeled
CUST2769,949,1666,26,968.0999999999999,1,Labeled
CUST2770,828,1110,35,527.36,1,Labeled
CUST2771,284,1452,33,912.96,0,Labeled
CUST2772,1312,1505,1,1127.05,0,Labeled
CUST2773,540,1223,16,554.73,0,Labeled
CUST2774,800,1036,18,1925.28,0,Labeled
CUST2775,692,906,38,1047.51,1,Labeled
CUST2776,707,1236,12,831.27,1,Labeled
CUST2777,49,1567,9,546.4,0,Labeled
CUST2778,441,1294,37,1957.08,1,Labeled
CUST2779,281,1469,36,1241.77,0,Labeled
CUST2780,77,1010,11,1183.6200000000001,0,Labeled
CUST2781,309,782,38,43.12,1,Labeled
CUST2782,213,1549,19,963.28,0,Labeled
CUST2783,841,1105,15,994.4,0,Labeled
CUST2784,1397,1463,40,359.8,0,Labeled
CUST2785,1044,1524,47,1061.0600000000002,1,Labeled
CUST2786,651,771,19,1321.44,0,Labeled
CUST2787,676,1010,5,460.32000000000005,0,Labeled
CUST2788,143,1486,8,1113.6599999999999,1,Labeled
CUST2789,1544,1800,11,248.8,0,Labeled
CUST2790,831,993,13,40.72,0,Labeled
CUST2791,76,972,31,1246.98,1,Labeled
CUST2792,179,1108,44,821.69,0,Labeled
CUST2793,689,843,16,1166.62,1,Labeled
CUST2794,629,1213,39,715.99,1,Labeled
CUST2795,202,1159,5,1397.94,1,Labeled
CUST2796,644,1621,35,1539.4499999999998,0,Labeled
CUST2797,258,1452,6,1321.02,0,Labeled
CUST2798,204,915,41,247.38,0,Labeled
CUST2799,1409,1442,11,1625.72,0,Labeled
CUST2800,1204,1365,35,1742.88,0,Labeled
CUST2801,60,983,9,1636.0,0,Labeled
CUST2802,1345,1716,49,780.48,0,Labeled
CUST2803,154,1104,27,1772.22,0,Labeled
CUST2804,221,1230,2,1710.14,1,Labeled
CUST2805,569,1029,9,1595.97,0,Labeled
CUST2806,901,1247,17,418.74,1,Labeled
CUST2807,163,1104,7,1972.76,0,Labeled
CUST2808,628,1809,3,34.83,0,Labeled
CUST2809,1100,1460,46,1938.06,0,Labeled
CUST2810,119,1651,20,1987.7400000000002,1,Labeled
CUST2811,473,1183,17,479.65000000000003,0,Labeled
CUST2812,1656,1690,5,1706.95,1,Labeled
CUST2813,810,1622,36,513.54,0,Labeled
CUST2814,1436,1627,49,1241.0,0,Labeled
CUST2815,850,1439,27,322.32,0,Labeled
CUST2816,246,1447,30,1471.85,0,Labeled
CUST2817,1275,1333,1,932.76,0,Labeled
CUST2818,1268,1818,20,1808.0,0,Labeled
CUST2819,119,1421,10,899.63,0,Labeled
CUST2820,1389,1593,21,1976.58,0,Labeled
CUST2821,480,1699,13,1650.1499999999999,0,Labeled
CUST2822,479,1012,21,1903.08,0,Labeled
CUST2823,964,1635,47,720.32,0,Labeled
CUST2824,689,1396,1,397.26,0,Labeled
CUST2825,16,1150,48,739.8,1,Labeled
CUST2826,1327,1796,43,1163.8799999999999,1,Labeled
CUST2827,226,1493,27,641.9399999999999,0,Labeled
CUST2828,1099,1824,48,1252.8,1,Labeled
CUST2829,813,889,29,429.99,1,Labeled
CUST2830,814,863,10,1226.8799999999999,1,Labeled
CUST2831,76,1323,33,134.75,1,Labeled
CUST2832,880,1162,32,135.96,0,Labeled
CUST2833,23,863,48,1357.7400000000002,0,Labeled
CUST2834,778,1097,29,1043.22,1,Labeled
CUST2835,553,1203,34,102.78,1,Labeled
CUST2836,948,1243,26,1593.4499999999998,0,Labeled
CUST2837,1046,1135,48,1339.0,1,Labeled
CUST2838,1206,1592,42,809.03,0,Labeled
CUST2839,84,959,43,1271.16,1,Labeled
CUST2840,941,1069,33,507.08,1,Labeled
CUST2841,1285,1290,36,625.76,1,Labeled
CUST2842,1275,1511,7,948.48,0,Labeled
CUST2843,577,1059,46,644.69,0,Labeled
CUST2844,545,1339,33,1710.75,0,Labeled
CUST2845,849,1448,14,1869.0,0,Labeled
CUST2846,351,1324,14,553.68,0,Labeled
CUST2847,459,1777,33,502.53000000000003,0,Labeled
CUST2848,763,821,28,1909.84,0,Labeled
CUST2849,1076,1213,5,601.04,0,Labeled
CUST2850,310,1599,30,1403.1299999999999,1,Labeled
CUST2851,1251,1803,36,1029.98,0,Labeled
CUST2852,629,1194,17,566.78,1,Labeled
CUST2853,21,1404,28,1487.12,1,Labeled
CUST2854,1042,1480,29,504.8,0,Labeled
CUST2855,398,974,4,1325.3100000000002,1,Labeled
CUST2856,353,906,18,1461.2,0,Labeled
CUST2857,680,909,7,404.46,0,Labeled
CUST2858,722,963,6,1112.84,0,Labeled
CUST2859,245,1178,40,620.52,1,Labeled
CUST2860,246,915,25,1200.32,0,Labeled
CUST2861,370,1595,4,235.16,0,Labeled
CUST2862,1638,1767,8,1685.5,0,Labeled
CUST2863,689,1464,6,1656.9,0,Labeled
CUST2864,655,1731,41,529.98,1,Labeled
CUST2865,68,1132,26,1927.23,1,Labeled
CUST2866,26,1304,38,1068.1200000000001,0,Labeled
CUST2867,1058,1252,40,570.81,1,Labeled
CUST2868,963,1745,42,1232.01,0,Labeled
CUST2869,828,1470,14,175.2,0,Labeled
CUST2870,195,798,44,1919.04,1,Labeled
CUST2871,43,834,16,1761.57,1,Labeled
CUST2872,485,1419,40,1081.8,0,Labeled
CUST2873,623,1144,42,762.45,0,Labeled
CUST2874,185,1552,30,1955.81,1,Labeled
CUST2875,1745,1802,11,647.5,0,Labeled
CUST2876,1334,1524,17,621.03,1,Labeled
CUST2877,913,1270,48,409.68,1,Labeled
CUST2878,578,1308,46,1358.08,0,Labeled
CUST2879,1249,1618,21,840.7,0,Labeled
CUST2880,435,1182,43,1255.59,1,Labeled
CUST2881,712,1682,22,1152.96,0,Labeled
CUST2882,878,1441,42,1231.29,1,Labeled
CUST2883,522,1060,46,1023.96,0,Labeled
CUST2884,490,860,9,261.36,1,Labeled
CUST2885,517,1069,34,1453.08,0,Labeled
CUST2886,405,1308,19,939.51,0,Labeled
CUST2887,300,1102,11,935.95,1,Labeled
CUST2888,884,1816,43,38.58,1,Labeled
CUST2889,617,1606,15,669.0,1,Labeled
CUST2890,1477,1519,4,505.12,0,Labeled
CUST2891,332,1208,36,990.3499999999999,1,Labeled
CUST2892,862,1278,22,1180.59,0,Labeled
CUST2893,279,1507,7,418.45,0,Labeled
CUST2894,462,750,25,1596.8400000000001,0,Labeled
CUST2895,1286,1818,13,1423.45,0,Labeled
CUST2896,347,1476,10,51.7,1,Labeled
CUST2897,649,1293,37,1312.32,0,Labeled
CUST2898,851,1719,25,1270.08,1,Labeled
CUST2899,506,888,2,720.44,0,Labeled
CUST2900,806,1395,41,1666.98,0,Labeled
CUST2901,1275,1636,30,1346.76,0,Labeled
CUST2902,1213,1613,16,832.89,0,Labeled
CUST2903,1033,1435,22,1401.44,0,Labeled
CUST2904,437,1037,35,1068.4,1,Labeled
CUST2905,937,1103,27,288.72,0,Labeled
CUST2906,1107,1258,2,1607.34,1,Labeled
CUST2907,211,846,38,1511.28,0,Labeled
CUST2908,1450,1773,5,1725.32,1,Labeled
CUST2909,314,1518,45,609.6999999999999,0,Labeled
CUST2910,426,1664,22,627.54,0,Labeled
CUST2911,629,1564,9,158.56,1,Labeled
CUST2912,328,952,9,1183.32,0,Labeled
CUST2913,1171,1658,23,343.73,1,Labeled
CUST2914,676,822,37,1101.72,0,Labeled
CUST2915,223,1728,15,1863.82,0,Labeled
CUST2916,116,1811,4,1386.48,0,Labeled
CUST2917,1004,1469,15,1827.2099999999998,0,Labeled
CUST2918,642,1791,25,881.4,0,Labeled
CUST2919,1490,1597,34,619.43,1,Labeled
CUST2920,1300,1345,9,1606.92,1,Labeled
CUST2921,130,999,34,230.52,0,Labeled
CUST2922,192,819,26,211.07999999999998,1,Labeled
CUST2923,1361,1553,8,96.43,0,Labeled
CUST2924,180,1386,44,1786.68,0,Labeled
CUST2925,1392,1698,47,1271.6999999999998,1,Labeled
CUST2926,392,898,48,728.64,0,Labeled
CUST2927,1148,1196,44,978.85,1,Labeled
CUST2928,1194,1213,31,1314.12,1,Labeled
CUST2929,706,1724,41,54.24,0,Labeled
CUST2930,666,1672,48,579.6,1,Labeled
CUST2931,937,1175,12,173.76,1,Labeled
CUST2932,1034,1535,32,780.1,1,Labeled
CUST2933,231,1134,8,1381.44,0,Labeled
CUST2934,1277,1360,1,1994.6999999999998,0,Labeled
CUST2935,867,1311,2,265.0,0,Labeled
CUST2936,1255,1745,14,1063.36,1,Labeled
CUST2937,954,1126,5,1685.16,0,Labeled
CUST2938,589,1268,48,1575.87,1,Labeled
CUST2939,555,1096,11,705.65,0,Labeled
CUST2940,175,1442,11,1753.1100000000001,0,Labeled
CUST2941,642,1145,17,1945.25,0,Labeled
CUST2942,257,875,41,1487.22,0,Labeled
CUST2943,104,1213,32,174.51,0,Labeled
CUST2944,783,906,28,1334.76,1,Labeled
CUST2945,1001,1133,28,515.22,1,Labeled
CUST2946,638,1565,1,1148.6399999999999,0,Labeled
CUST2947,618,1700,44,1595.61,0,Labeled
CUST2948,327,1775,11,783.24,0,Labeled
CUST2949,160,1211,5,1249.74,0,Labeled
CUST2950,1066,1167,49,1163.24,1,Labeled
CUST2951,407,1596,5,1830.4499999999998,0,Labeled
CUST2952,107,991,36,103.59,0,Labeled
CUST2953,463,1706,34,901.84,0,Labeled
CUST2954,629,820,8,1019.71,1,Labeled
CUST2955,74,921,4,449.93999999999994,0,Labeled
CUST2956,630,894,44,1736.08,0,Labeled
CUST2957,885,1743,32,1433.28,0,Labeled
CUST2958,654,1443,48,1705.68,0,Labeled
CUST2959,599,1266,19,719.28,1,Labeled
CUST2960,90,943,5,390.78000000000003,1,Labeled
CUST2961,174,930,2,307.74,0,Labeled
CUST2962,158,1371,15,32.4,1,Labeled
CUST2963,216,1134,16,1302.12,1,Labeled
CUST2964,840,942,6,1691.68,1,Labeled
CUST2965,686,1110,1,587.4,0,Labeled
CUST2966,891,1011,41,1262.88,0,Labeled
CUST2967,139,769,16,1854.44,1,Labeled
CUST2968,859,1122,8,167.95000000000002,1,Labeled
CUST2969,1676,1741,21,1181.72,0,Labeled
CUST2970,382,1106,23,827.1,1,Labeled
CUST2971,337,1341,18,1062.74,0,Labeled
CUST2972,291,1448,38,573.76,0,Labeled
CUST2973,69,772,46,1731.36,0,Labeled
CUST2974,811,1589,13,246.52,0,Labeled
CUST2975,1076,1122,28,1024.03,0,Labeled
CUST2976,270,1089,35,285.26,0,Labeled
CUST2977,7,871,12,1407.55,0,Labeled
CUST2978,589,1390,46,1257.16,0,Labeled
CUST2979,1747,1817,14,1884.12,1,Labeled
CUST2980,978,1249,28,435.90000000000003,1,Labeled
CUST2981,262,1269,10,245.57999999999998,1,Labeled
CUST2982,29,1230,3,1913.16,0,Labeled
CUST2983,1128,1132,9,772.34,1,Labeled
CUST2984,504,1257,28,1902.06,0,Labeled
CUST2985,730,1090,6,89.84,1,Labeled
CUST2986,382,1669,2,1045.9,0,Labeled
CUST2987,486,1719,47,1418.36,0,Labeled
CUST2988,406,1308,38,285.6,0,Labeled
CUST2989,76,1246,43,1973.0,1,Labeled
CUST2990,91,734,17,358.1,1,Labeled
CUST2991,247,1130,36,781.11,0,Labeled
CUST2992,645,1629,46,844.26,0,Labeled
CUST2993,1472,1726,29,486.45,0,Labeled
CUST2994,552,1655,5,311.68,0,Labeled
CUST2995,760,1501,25,212.38,0,Labeled
CUST2996,661,998,12,1144.1399999999999,1,Labeled
CUST2997,1101,1218,38,1830.3000000000002,0,Labeled
CUST2998,248,1557,49,229.14,0,Labeled
CUST2999,757,932,24,30.87,1,Labeled
